id:11892350,daddy:data/accessoriescsv.csv,name:Brand & Product Name,brand:Golden Goose Deluxe Brand,price:HK$1160,description:Tobacco brown cotton typography branded sweatshirt from Golden Goose Deluxe Brand featuring a round neck a logo to the chest long sleeves and a ribbed hem and cuffs.,color:TOBACCO GOLDEN PRINT,styleid:G30MP547A2,imglink:https://cdn-images.farfetch-contents.com/11/89/23/50/11892350_8954104_322.jpg
id:12236317,daddy:data/accessoriescsv.csv,name:ALBERTA FERRETTI Friday intarsia beanie,brand:Versace,price:HK$1369,description:Ensure Versace's iconic luxury remains part of your winter wardrobe with this Medusa intarsia beanie hat from the label's AW17 collection. Knitted in Italy from a sumptuous camel wool-silk blend this comfortable accessory will keep you warm when the temperature drops. Known for their mythology-inspired iconography the hat is finished off with Versace's signature Medusa head motif and Greek Key trim in a contrasting navy blue.,color:CAMELLO NAVY,styleid:ICAP003IK0057,imglink:https://cdn-images.farfetch-contents.com/12/23/63/17/12236317_10521971_322.jpg
id:12202867,daddy:data/accessoriescsv.csv,name:ALEXANDER MCQUEEN  Wallet with chain,brand:Alexander McQueen,price:HK$2339,description:Add some edgy sophistication to your ensemble with this stud detail wallet with chain detail from Alexander McQueen. Presented in oxblood red calf leather it features multiple card slots a coin pocket a note compartment and a front logo plaque. To give it a classic Alexander McQueen edge it also features silver-tone stud detailing and a silver-tone chain detail.,color:6011 OXBLOOD,styleid:324983D781N,imglink:https://cdn-images.farfetch-contents.com/12/20/28/67/12202867_10403244_322.jpg
id:12520400,daddy:data/accessoriescsv.csv,name:ALEXANDER MCQUEEN Eagle & Leaves scarf,brand:Alexander McQueen,price:HK$3406,description:Infuse your wardrobe with high-octane edgy glamour Alexander McQueen is renowned for with this black leather McQueen belt featuring a silver-tone buckle.,color:1000,styleid:3388750H30N,imglink:https://cdn-images.farfetch-contents.com/12/52/04/00/12520400_11809186_322.jpg
id:12254494,daddy:data/accessoriescsv.csv,name:ANYA HINDMARCH The Stack circus multi wristlet makeup bag,brand:Anya Hindmarch,price:HK$2355,description:Blue zipped wash bag  from Anya Hindmarch.,color:DARK TEAL,styleid:960120,imglink:https://cdn-images.farfetch-contents.com/12/25/44/94/12254494_10627876_322.jpg
id:12461673,daddy:data/accessoriescsv.csv,name:ANYA HINDMARCH The Stack coin purse,brand:Comme Des Garçons Wallet,price:HK$1370,description:Black and white calf leather coin purse from Comme Des Garçons Wallet. This item is unisex.,color:OPTIC BLACK,styleid:SA3100GA,imglink:https://cdn-images.farfetch-contents.com/12/46/16/73/12461673_11545710_322.jpg
id:12427072,daddy:data/accessoriescsv.csv,name:BOTTEGA VENETA Cat eye glasses,brand:Mykita,price:HK$3984,description:Beige classic cat-eye glasses from Mykita. This item is unisex.,color:987,styleid:OSHA,imglink:https://cdn-images.farfetch-contents.com/12/42/70/72/12427072_11410459_322.jpg
id:11994353,daddy:data/accessoriescsv.csv,name:BURBERRY Beasts print and check scarf,brand:Burberry,price:HK$6429,description:Luxury British fashion house Burberry is renowned for its signature designs as showcased by this stylish bomber jacket from the label's latest collection. Expertly crafted the piece is infused with the brand's traditions. It features a ribbed collar a beasts print front zip fastening front snap button pockets zipped pocket at the sleeve and a ribbed hem and cuffs.,color:SAGE GREEN,styleid:4055219,imglink:https://cdn-images.farfetch-contents.com/11/99/43/53/11994353_10478960_322.jpg
id:12360193,daddy:data/accessoriescsv.csv,name:CHLOÉ Faye wallet,brand:Comme Des Garçons Wallet,price:HK$1709,description:Blue and silver toned leather checked wallet  from Comme Des Garçons Play.,color:BLUE,styleid:SA2100GB,imglink:https://cdn-images.farfetch-contents.com/12/36/01/93/12360193_11057960_322.jpg
id:12187324,daddy:data/accessoriescsv.csv,name:DITA Brixa glasses,brand:Dita Eyewear,price:HK$6378,description:Black titanium Haliod glasses from Dita Eyewear. This item is unisex.,color:03 BLK-PLD,styleid:DTX100,imglink:https://cdn-images.farfetch-contents.com/12/18/73/24/12187324_10391608_322.jpg
id:12184856,daddy:data/accessoriescsv.csv,name:Dolce & Gabbana Carretto painted carved wood jewelry box,brand:Dolce & Gabbana,price:HK$2711,description:Dolce & Gabbana’s classic leisurewear is crafted in Italy from the finest materials for lasting wearability. This green T-shirt from Dolce & Gabbana’s AW17/18 collection is spun from a soft cotton for optimum comfort. It features a round neck short sleeves a relaxed fit and a multi colour print of a gorilla.,color:HVD86/GREEN,styleid:G8HI7THP7SN,imglink:https://cdn-images.farfetch-contents.com/12/18/48/56/12184856_10366764_322.jpg
id:12184856,daddy:data/accessoriescsv.csv,name:Dolce & Gabbana Dauphine floral-print textured-leather cardholder,brand:Dolce & Gabbana,price:HK$2711,description:Dolce & Gabbana’s classic leisurewear is crafted in Italy from the finest materials for lasting wearability. This green T-shirt from Dolce & Gabbana’s AW17/18 collection is spun from a soft cotton for optimum comfort. It features a round neck short sleeves a relaxed fit and a multi colour print of a gorilla.,color:HVD86/GREEN,styleid:G8HI7THP7SN,imglink:https://cdn-images.farfetch-contents.com/12/18/48/56/12184856_10366764_322.jpg
id:12184856,daddy:data/accessoriescsv.csv,name:Dolce & Gabbana Embellished lizard-effect leather iPhone 7 Plus case,brand:Dolce & Gabbana,price:HK$2711,description:Dolce & Gabbana’s classic leisurewear is crafted in Italy from the finest materials for lasting wearability. This green T-shirt from Dolce & Gabbana’s AW17/18 collection is spun from a soft cotton for optimum comfort. It features a round neck short sleeves a relaxed fit and a multi colour print of a gorilla.,color:HVD86/GREEN,styleid:G8HI7THP7SN,imglink:https://cdn-images.farfetch-contents.com/12/18/48/56/12184856_10366764_322.jpg
id:12184856,daddy:data/accessoriescsv.csv,name:Dolce & Gabbana Embellished textured-leather iPhone 7 case,brand:Dolce & Gabbana,price:HK$2711,description:Dolce & Gabbana’s classic leisurewear is crafted in Italy from the finest materials for lasting wearability. This green T-shirt from Dolce & Gabbana’s AW17/18 collection is spun from a soft cotton for optimum comfort. It features a round neck short sleeves a relaxed fit and a multi colour print of a gorilla.,color:HVD86/GREEN,styleid:G8HI7THP7SN,imglink:https://cdn-images.farfetch-contents.com/12/18/48/56/12184856_10366764_322.jpg
id:12184856,daddy:data/accessoriescsv.csv,name:Dolce & Gabbana Floral-print silk-crepon scarf,brand:Dolce & Gabbana,price:HK$2711,description:Dolce & Gabbana’s classic leisurewear is crafted in Italy from the finest materials for lasting wearability. This green T-shirt from Dolce & Gabbana’s AW17/18 collection is spun from a soft cotton for optimum comfort. It features a round neck short sleeves a relaxed fit and a multi colour print of a gorilla.,color:HVD86/GREEN,styleid:G8HI7THP7SN,imglink:https://cdn-images.farfetch-contents.com/12/18/48/56/12184856_10366764_322.jpg
id:12184856,daddy:data/accessoriescsv.csv,name:Dolce & Gabbana Gold-tone crystal and resin clip earrings,brand:Dolce & Gabbana,price:HK$2711,description:Dolce & Gabbana’s classic leisurewear is crafted in Italy from the finest materials for lasting wearability. This green T-shirt from Dolce & Gabbana’s AW17/18 collection is spun from a soft cotton for optimum comfort. It features a round neck short sleeves a relaxed fit and a multi colour print of a gorilla.,color:HVD86/GREEN,styleid:G8HI7THP7SN,imglink:https://cdn-images.farfetch-contents.com/12/18/48/56/12184856_10366764_322.jpg
id:12184856,daddy:data/accessoriescsv.csv,name:Dolce & Gabbana Gold-tone Swarovski crystal and resin ring,brand:Dolce & Gabbana,price:HK$2711,description:Dolce & Gabbana’s classic leisurewear is crafted in Italy from the finest materials for lasting wearability. This green T-shirt from Dolce & Gabbana’s AW17/18 collection is spun from a soft cotton for optimum comfort. It features a round neck short sleeves a relaxed fit and a multi colour print of a gorilla.,color:HVD86/GREEN,styleid:G8HI7THP7SN,imglink:https://cdn-images.farfetch-contents.com/12/18/48/56/12184856_10366764_322.jpg
id:12184856,daddy:data/accessoriescsv.csv,name:DOLCE & GABBANA hydrangea print scarf,brand:Dolce & Gabbana,price:HK$2711,description:Dolce & Gabbana’s classic leisurewear is crafted in Italy from the finest materials for lasting wearability. This green T-shirt from Dolce & Gabbana’s AW17/18 collection is spun from a soft cotton for optimum comfort. It features a round neck short sleeves a relaxed fit and a multi colour print of a gorilla.,color:HVD86/GREEN,styleid:G8HI7THP7SN,imglink:https://cdn-images.farfetch-contents.com/12/18/48/56/12184856_10366764_322.jpg
id:12184856,daddy:data/accessoriescsv.csv,name:Dolce & Gabbana Printed silk-twill scarf,brand:Dolce & Gabbana,price:HK$2711,description:Dolce & Gabbana’s classic leisurewear is crafted in Italy from the finest materials for lasting wearability. This green T-shirt from Dolce & Gabbana’s AW17/18 collection is spun from a soft cotton for optimum comfort. It features a round neck short sleeves a relaxed fit and a multi colour print of a gorilla.,color:HVD86/GREEN,styleid:G8HI7THP7SN,imglink:https://cdn-images.farfetch-contents.com/12/18/48/56/12184856_10366764_322.jpg
id:12184856,daddy:data/accessoriescsv.csv,name:Dolce & Gabbana Printed silk-voile scarf,brand:Dolce & Gabbana,price:HK$2711,description:Dolce & Gabbana’s classic leisurewear is crafted in Italy from the finest materials for lasting wearability. This green T-shirt from Dolce & Gabbana’s AW17/18 collection is spun from a soft cotton for optimum comfort. It features a round neck short sleeves a relaxed fit and a multi colour print of a gorilla.,color:HVD86/GREEN,styleid:G8HI7THP7SN,imglink:https://cdn-images.farfetch-contents.com/12/18/48/56/12184856_10366764_322.jpg
id:12184856,daddy:data/accessoriescsv.csv,name:Dolce & Gabbana Printed textured-leather iPhone 7 case,brand:Dolce & Gabbana,price:HK$2711,description:Dolce & Gabbana’s classic leisurewear is crafted in Italy from the finest materials for lasting wearability. This green T-shirt from Dolce & Gabbana’s AW17/18 collection is spun from a soft cotton for optimum comfort. It features a round neck short sleeves a relaxed fit and a multi colour print of a gorilla.,color:HVD86/GREEN,styleid:G8HI7THP7SN,imglink:https://cdn-images.farfetch-contents.com/12/18/48/56/12184856_10366764_322.jpg
id:12184856,daddy:data/accessoriescsv.csv,name:Dolce & Gabbana Textured-leather and metallic floral-print acrylic iPhone 7 case ,brand:Dolce & Gabbana,price:HK$2711,description:Dolce & Gabbana’s classic leisurewear is crafted in Italy from the finest materials for lasting wearability. This green T-shirt from Dolce & Gabbana’s AW17/18 collection is spun from a soft cotton for optimum comfort. It features a round neck short sleeves a relaxed fit and a multi colour print of a gorilla.,color:HVD86/GREEN,styleid:G8HI7THP7SN,imglink:https://cdn-images.farfetch-contents.com/12/18/48/56/12184856_10366764_322.jpg
id:12452894,daddy:data/accessoriescsv.csv,name:DSQUARED2 patches baseball cap,brand:Dsquared2,price:HK$1005,description:The classic baseball cap is a signature style from DSQUARED2 updated each season according to the Caten twins designers’ bold themes and influences. Their SS18 collection focused on iconic American styling taking inspiration from Boy Scout troops and tropical Hawaiian vacations. This multicoloured cotton logo patch baseball cap is a staple piece this SS18 and features a front logo patch and a snap adjustable closure.,color:9207,styleid:BCM001005C00001,imglink:https://cdn-images.farfetch-contents.com/12/45/28/94/12452894_11661999_322.jpg
id:12010631,daddy:data/accessoriescsv.csv,name:ETRO Delhy scarf,brand:Etro,price:HK$1948,description:Blue Delhy scarf from Etro.,color:200,styleid:100075007,imglink:https://cdn-images.farfetch-contents.com/12/01/06/31/12010631_9425193_322.jpg
id:12308289,daddy:data/accessoriescsv.csv,name:FEDERICA MORETTI  Woven Hat,brand:Isabel Benenato,price:HK$1102,description:Black  wool woven hat from Isabel Benenato.,color:01 BLACK,styleid:UA03F1701,imglink:https://cdn-images.farfetch-contents.com/12/30/82/89/12308289_10827211_322.jpg
id:12198716,daddy:data/accessoriescsv.csv,name:FENDI monogram scarf,brand:Fendi,price:HK$1517,description:Fendi's striped scarf is an easy way of incorporating the label's heritage into everyday wear. Crafted from soft wool it's designed with a distinct monogram pattern.,color:F0QZ0,styleid:FXS143X1C,imglink:https://cdn-images.farfetch-contents.com/12/19/87/16/12198716_10388656_322.jpg
id:11418947,daddy:data/accessoriescsv.csv,name:GARRETT LEIGHT Milwood' sunglasses,brand:Garrett Leight,price:HK$4294,description:Mocca brown plastic acetate metal and deer horn Garrett Leight x WANT Les Essentiels sunglasses from Garrett Leight. This item is unisex. This item comes with a protective case.,color:Mocha Leather-Demi Tortoise/Brown,styleid:400346ML,imglink:https://cdn-images.farfetch-contents.com/11/41/89/47/11418947_6687459_322.jpg
id:12555223,daddy:data/accessoriescsv.csv,name:GUCCI Blooms scarf,brand:Gucci,price:HK$3600,description:The Gucci Tian print a depicted on this black silk scarf with interlocking GG logo features a contemporary floral motif inspired by Chinese landscapes depicted on 18th-century tapestries and screens. The floral pattern is made up of flowers insects and birds—including dragonflies butterflies and hummingbirds. The plants and creatures are represented through light and quick brushstroke-style graphics with a three-dimensional effect.,color:1062,styleid:4956744G865,imglink:https://cdn-images.farfetch-contents.com/12/55/52/23/12555223_11918083_322.jpg
id:12404748,daddy:data/accessoriescsv.csv,name:GUCCI Embroidered star scarf,brand:Jimi Roos,price:HK$1916,description:White cotton embroidered stars sweatshirt from Jimi Roos.,color:OFF WHITE,styleid:FW17JSW01FSTARS,imglink:https://cdn-images.farfetch-contents.com/12/40/47/48/12404748_11356492_322.jpg
id:12516740,daddy:data/accessoriescsv.csv,name:GUCCI Floral embellished wide brim hat,brand:Gucci,price:HK$5400,description:Alessandro Michele has taken the helm of Gucci and has pushed the maison into the forefront of fashion. Drawing on nature for inspiration he creates modern luxury designs with an organic approach. The result is heritage inspired items imbibed with new life. Brown rabbit felt wide brimmed hat featuring a dipped crown and a grosgrain ribbon trim.,color:2860,styleid:4867193HA04,imglink:https://cdn-images.farfetch-contents.com/12/51/67/40/12516740_11822060_322.jpg
id:12000232,daddy:data/accessoriescsv.csv,name:GUCCI floral printed scarf,brand:Christian Pellizzari,price:HK$393,description:Multicolour floral print scarf from Christian Pellizzari.,color:030 BEIGE,styleid:12A103,imglink:https://cdn-images.farfetch-contents.com/12/00/02/32/12000232_9358533_322.jpg
id:12279875,daddy:data/accessoriescsv.csv,name:GUCCI GG daisy print scarf,brand:Gucci,price:HK$850,description:Since 2015 Alessandro Michele has taken the helm of Gucci and has pushed the maison into the forefront of fashion. Focusing on heritage vintage styles made new and punchy signature prints it is not hard to see why Gucci is a fashion insider's favourite such as these beige and black cotton blend socks featuring the GG Supreme logo pattern a ribbed contrasting top and contrasting toe and heel details. Socks and Hosiery must be returned in its original unopened packaging.,color:9268,styleid:4710934G592,imglink:https://cdn-images.farfetch-contents.com/12/27/98/75/12279875_10695610_322.jpg
id:11484996,daddy:data/accessoriescsv.csv,name:GUCCI GG jacquard scarf,brand:Gucci,price:HK$2550,description:Grey wool GG jacquard scarf from Gucci.,color:1462,styleid:3912464G200,imglink:https://cdn-images.farfetch-contents.com/11/48/49/96/11484996_7156824_322.jpg
id:11793359,daddy:data/accessoriescsv.csv,name:GUCCI GG jacquard shawl,brand:Gucci,price:HK$2450,description:Gucci presents the GG jacquard shawl a stylish way to carry around company iconography for this season and beyond. With a long length allowing it to be worn in a multitude of ways this shawl is made from a blend of wool and silk making for a luxurious feel that is soft to the touch. Featuring an all-over GG logo detail this blue GG jacquard shawl showcases style history in a subtle and tasteful way alongside frayed edges and a signature Web detail.,color:4273,styleid:1473514G704,imglink:https://cdn-images.farfetch-contents.com/11/79/33/59/11793359_8471707_322.jpg
id:12316473,daddy:data/accessoriescsv.csv,name:Gucci GG Jubilee print scarf,brand:Gucci,price:HK$850,description:Since 2015 Alessandro Michele has taken the helm of Gucci and has pushed the maison into the forefront of fashion. Focusing on heritage vintage styles made new and punchy signature prints it is not hard to see why Gucci is a fashion insider's favourite such as these beige and brown cotton blend socks featuring the GG Supreme logo pattern a ribbed ankle and contrasting toe and heel details. Socks and Hosiery must be returned in its original unopened packaging.,color:9764 NEUTRALS,styleid:4710934G592,imglink:https://cdn-images.farfetch-contents.com/12/31/64/73/12316473_11035518_322.jpg
id:12349042,daddy:data/accessoriescsv.csv,name:Gucci GG Keys keyring,brand:Gucci,price:HK$16500,description:Black wool Gucci GG knitted sweater from Gucci featuring a ribbed round neck long sleeves a ribbed hem and cuffs red GG design on front and sleeves and Gucci Animalium design on the back.,color:4045,styleid:487086X9M32,imglink:https://cdn-images.farfetch-contents.com/12/34/90/42/12349042_11227212_322.jpg
id:12313501,daddy:data/accessoriescsv.csv,name:Gucci GG Marmont matelassé wallet,brand:Gucci,price:HK$3600,description:A bi-fold coin wallet distinguished by our signature double G hardware. Made in calfskin leather heat-stamped to achieve a boar effect giving it a textured appearance. Black leather. Four card slots and one bill compartment. Coin pocket. Open: W22cm x H9cm. Closed: W11cm x H9cm. Brass hardware. Made in Italy.,color:1000 BLACK,styleid:428725DJ20T,imglink:https://cdn-images.farfetch-contents.com/12/31/35/01/12313501_10882487_322.jpg
id:12331484,daddy:data/accessoriescsv.csv,name:GUCCI GG Marmont quilted leather bucket bag,brand:Gucci,price:HK$31500,description:Travel continues to be a source of inspiration for Alessandro Michele. A collection of bags in the GG motif is enriched with a blend of contemporary embroideries-like the UFO-and vintage inspired details including airmail trims and a Gucci vintage logo from the archives. The appliqués are individually embroidered and then skillfully hand-applied to each piece by specialized artisans. This process ensures that no two items will be alike giving each a one-of-a-kind appearance. Beige/ebony soft GG Supreme crafted from a coated microfiber fabric with brown leather trim. Brass hardware. Embroidered UFO planet Angry Cat flowers and cloud appliqués. Gucci vintage logo appliqué. Printed appliqués. Airmail piping at the interior. Interior zipper and smartphone pockets. Double leather handles with 5" drop. Detachable and adjustable nylon strap with 20" drop and leather shoulder pad. Zipper closure. 4lbs. Large size: 21"W x 14"H x 8"D. Cotton linen lining. Made in Italy. This item is unise,color:8343 Beige,styleid:459311K9RMT,imglink:https://cdn-images.farfetch-contents.com/12/33/14/84/12331484_10944500_322.jpg
id:12450955,daddy:data/accessoriescsv.csv,name:Gucci GG Supreme French flap wallet,brand:Gucci,price:HK$4500,description:Travel continues to be a source of inspiration for Alessandro Michele. A collection of accessories in the GG motif is enriched with a blend of contemporary embroideries-like the UFO-and vintage inspired details including airmail trims and a Gucci vintage logo from the archives. The appliqués are individually embroidered and then skillfully hand-applied to each piece by specialized artisans. This process ensures that no two items will be alike giving each a one-of-a-kind appearance. Beige/ebony GG Supreme canvas a material with low environmental impact with brown leather. Airmail piping. Embroidered planet appliqué. Gucci vintage logo appliqué. Eight card slots and two bill compartments. Open: 8"W x 3.5"H. Closed: 4.5"W x 3.5"H. Made in Italy.,color:8899 Beige,styleid:473905K9GQT,imglink:https://cdn-images.farfetch-contents.com/12/45/09/55/12450955_11548300_322.jpg
id:12450955,daddy:data/accessoriescsv.csv,name:Gucci GG Supreme wallet,brand:Gucci,price:HK$4500,description:Travel continues to be a source of inspiration for Alessandro Michele. A collection of accessories in the GG motif is enriched with a blend of contemporary embroideries-like the UFO-and vintage inspired details including airmail trims and a Gucci vintage logo from the archives. The appliqués are individually embroidered and then skillfully hand-applied to each piece by specialized artisans. This process ensures that no two items will be alike giving each a one-of-a-kind appearance. Beige/ebony GG Supreme canvas a material with low environmental impact with brown leather. Airmail piping. Embroidered planet appliqué. Gucci vintage logo appliqué. Eight card slots and two bill compartments. Open: 8"W x 3.5"H. Closed: 4.5"W x 3.5"H. Made in Italy.,color:8899 Beige,styleid:473905K9GQT,imglink:https://cdn-images.farfetch-contents.com/12/45/09/55/12450955_11548300_322.jpg
id:12132445,daddy:data/accessoriescsv.csv,name:GUCCI Leather belt with Horsebit,brand:Gucci,price:HK$3900,description:The interlocking G   buckle belt made in heat debossed Gucci Signature leather with a defined   print and firm texture. Black Gucci Signature leather. Palladium toned   hardware. Interlocking G buckle. 4cm width. Made in Italy. Gucci belts are in   Italian sizes please refer to the belt size guide before placing an order.,color:1000 nero,styleid:411924CWC1N,imglink:https://cdn-images.farfetch-contents.com/12/13/24/45/12132445_10021375_322.jpg
id:12062691,daddy:data/accessoriescsv.csv,name:GUCCI Leather mini frame bag with fringe,brand:Gucci,price:HK$10700,description:A medium size flat messenger bag with a zip closure and front zip pocket. Made in heat debossed Gucci Signature leather resulting in a defined print with a firm texture. Black Gucci Signature leather with black leather trims. Palladium toned hardware. Front zipper pocket. Interior zipper and smart phone pockets. Adjustable nylon strap with 23.5" drop and leather shoulder pad. Zipper closure. Medium size: 11.5"W x 11"H x 1"D. Grey microfiber lining with a suede-like finish. Made in Italy.,color:1000 BLACK,styleid:406408CWCBN,imglink:https://cdn-images.farfetch-contents.com/12/06/26/91/12062691_9542075_322.jpg
id:12368134,daddy:data/accessoriescsv.csv,name:GUCCI Logo embellished belt wallet,brand:Paul Smith,price:HK$1289,description:Black leather logo embellished wallet from Paul Smith.,color:47,styleid:ATXC5022W76147,imglink:https://cdn-images.farfetch-contents.com/12/36/81/34/12368134_11117714_322.jpg
id:12555223,daddy:data/accessoriescsv.csv,name:GUCCI Mink fur panel printed scarf,brand:Gucci,price:HK$3600,description:The Gucci Tian print a depicted on this black silk scarf with interlocking GG logo features a contemporary floral motif inspired by Chinese landscapes depicted on 18th-century tapestries and screens. The floral pattern is made up of flowers insects and birds—including dragonflies butterflies and hummingbirds. The plants and creatures are represented through light and quick brushstroke-style graphics with a three-dimensional effect.,color:1062,styleid:4956744G865,imglink:https://cdn-images.farfetch-contents.com/12/55/52/23/12555223_11918083_322.jpg
id:12132445,daddy:data/accessoriescsv.csv,name:GUCCI Queen Margaret leather belt,brand:Gucci,price:HK$3900,description:The interlocking G   buckle belt made in heat debossed Gucci Signature leather with a defined   print and firm texture. Black Gucci Signature leather. Palladium toned   hardware. Interlocking G buckle. 4cm width. Made in Italy. Gucci belts are in   Italian sizes please refer to the belt size guide before placing an order.,color:1000 nero,styleid:411924CWC1N,imglink:https://cdn-images.farfetch-contents.com/12/13/24/45/12132445_10021375_322.jpg
id:12516740,daddy:data/accessoriescsv.csv,name:Gucci rose detail wide brim hat ,brand:Gucci,price:HK$5400,description:Alessandro Michele has taken the helm of Gucci and has pushed the maison into the forefront of fashion. Drawing on nature for inspiration he creates modern luxury designs with an organic approach. The result is heritage inspired items imbibed with new life. Brown rabbit felt wide brimmed hat featuring a dipped crown and a grosgrain ribbon trim.,color:2860,styleid:4867193HA04,imglink:https://cdn-images.farfetch-contents.com/12/51/67/40/12516740_11822060_322.jpg
id:12124079,daddy:data/accessoriescsv.csv,name:GUCCI Round Frame Sunglasses,brand:Gucci Eyewear,price:HK$3149,description:Black round-frame sunglasses from Gucci Eyewear featuring a double nose bridge round frames dark tinted lenses and gold-tone hardware.,color:001,styleid:GG0124S,imglink:https://cdn-images.farfetch-contents.com/12/12/40/79/12124079_9987619_322.jpg
id:12147121,daddy:data/accessoriescsv.csv,name:Gucci scarf ,brand:Gucci,price:HK$3400,description:The angry cat print   is found at the center of this GG motif shawl surrounded by rays of light   and the word "Love"-an evolution of the phrase "Blind for   Love" speaking to Gucci’s new attitude of romance.. Angry cat print on   beige/ebony GG modal silk. Fringe edges. W140cm x L140cm. 85% modal and 15%   silk. Made in Italy.,color:9765 Beige,styleid:4738114G865,imglink:https://cdn-images.farfetch-contents.com/12/14/71/21/12147121_10769538_322.jpg
id:12282903,daddy:data/accessoriescsv.csv,name:Gucci Signature bow keyring,brand:Gucci,price:HK$2100,description:Celebrating the Gucci Signature motif this classic keyring is constructed with the distinctive all over logo print in an embossed effect. Crafted in Italy this signature keyring also features silver-tone hardware a hook fastening and a silver-tone logo plaque.,color:1000,styleid:478136CWC1N,imglink:https://cdn-images.farfetch-contents.com/12/28/29/03/12282903_10713966_322.jpg
id:11983570,daddy:data/accessoriescsv.csv,name:GUCCI Square Frame Glasses,brand:Gucci Eyewear,price:HK$2740,description:Offering quintessential Italian refinement these Gucci eyeglasses are instantly recognisable and expertly crafted with immaculate attention to detail. They have been fabricated from tonal brown acetate with square frames that will compliment any face shape. The versatile pair features a gold-tone designer logo embossed on the external arm and can be fitted with prescriptions lenses.,color:2261,styleid:414551J0740,imglink:https://cdn-images.farfetch-contents.com/11/98/35/70/11983570_9360104_322.jpg
id:12555223,daddy:data/accessoriescsv.csv,name:GUCCI The Emperor scarf,brand:Gucci,price:HK$3600,description:The Gucci Tian print a depicted on this black silk scarf with interlocking GG logo features a contemporary floral motif inspired by Chinese landscapes depicted on 18th-century tapestries and screens. The floral pattern is made up of flowers insects and birds—including dragonflies butterflies and hummingbirds. The plants and creatures are represented through light and quick brushstroke-style graphics with a three-dimensional effect.,color:1062,styleid:4956744G865,imglink:https://cdn-images.farfetch-contents.com/12/55/52/23/12555223_11918083_322.jpg
id:12264432,daddy:data/accessoriescsv.csv,name:GUCCI W Iris' lurex bucket hat,brand:Reinhard Plank,price:HK$2740,description:Black wool Bucket hat from Reinhard Plank.,color:BLACK,styleid:HATW0EBK,imglink:https://cdn-images.farfetch-contents.com/12/26/44/32/12264432_10691546_322.jpg
id:12331423,daddy:data/accessoriescsv.csv,name:Gucci Wool cashmere scarf with Web ,brand:Gucci,price:HK$4000,description:A soft scarf made from a wool cashmere and silk blend with House Web stripe and gold thread embroidered bee. The bee was first used by Gucci in the '70s and reintroduced by Alessandro Michele. In Europe bees are associated with nobility and often appear in family crests tapestries and paintings. Grey wool cashmere silk with green and red Web. Gold embroidered bee appliqué. Fringe ends. W37cm x L180cm. 56% wool 24% cashmere and 20% silk. Made in Italy.,color:1466 GREY,styleid:4755134G487,imglink:https://cdn-images.farfetch-contents.com/12/33/14/23/12331423_10942006_322.jpg
id:12367274,daddy:data/accessoriescsv.csv,name:INVERNI Honey Comb pom beanie,brand:Salvatore Ferragamo,price:HK$2800,description:Approach the colder climate with Salvatore Ferragamo's hallmarks: expert craftsmanship immaculate attention to detail and undeniable luxury. This navy blue pom pom beanie has been woven in Italy from the softest virgin wool blend and fox fur boasting a textured ribbed design. It features a comfortable snug fit and is finished off with a pompom detail and a ribbed hem. A timeless accessory this hat is an example of Ferragamo’s ongoing strength with classic design and making sure each piece is built to last.Please note that this item cannot be shipped outside the E.U..,color:001 NERO,styleid:676846,imglink:https://cdn-images.farfetch-contents.com/12/36/72/74/12367274_11135041_322.jpg
id:11667093,daddy:data/accessoriescsv.csv,name:MAISON MICHEL colour block trilby hat,brand:Maison Michel,price:HK$5888,description:Grey wool trilby hat  from Maison Michel.,color:GRNAVY,styleid:1020013001,imglink:https://cdn-images.farfetch-contents.com/11/66/70/93/11667093_7796671_322.jpg
id:11541017,daddy:data/accessoriescsv.csv,name:MAISON MICHEL embellished cats ears cap,brand:Maison Michel,price:HK$2777,description:Khaki wool Maison Michel x Mackintosh cap from Maison Michel. This item is unisex.,color:002KHAK,styleid:2132002,imglink:https://cdn-images.farfetch-contents.com/11/54/10/17/11541017_7259075_322.jpg
id:11541017,daddy:data/accessoriescsv.csv,name:MAISON MICHEL Fedora hat,brand:Maison Michel,price:HK$2777,description:Khaki wool Maison Michel x Mackintosh cap from Maison Michel. This item is unisex.,color:002KHAK,styleid:2132002,imglink:https://cdn-images.farfetch-contents.com/11/54/10/17/11541017_7259075_322.jpg
id:11541017,daddy:data/accessoriescsv.csv,name:MAISON MICHEL Henrietta fedora,brand:Maison Michel,price:HK$2777,description:Khaki wool Maison Michel x Mackintosh cap from Maison Michel. This item is unisex.,color:002KHAK,styleid:2132002,imglink:https://cdn-images.farfetch-contents.com/11/54/10/17/11541017_7259075_322.jpg
id:12452027,daddy:data/accessoriescsv.csv,name:MISSONI Knitted zig zag scarf,brand:Missoni,price:HK$9600,description:Blue wool blend zig-zag knitted cardigan  from Missoni.,color:1140 BLUE,styleid:537512,imglink:https://cdn-images.farfetch-contents.com/12/45/20/27/12452027_11576030_322.jpg
id:12427072,daddy:data/accessoriescsv.csv,name:MIU MIU Cat eye glasses,brand:Mykita,price:HK$3984,description:Beige classic cat-eye glasses from Mykita. This item is unisex.,color:987,styleid:OSHA,imglink:https://cdn-images.farfetch-contents.com/12/42/70/72/12427072_11410459_322.jpg
id:12365454,daddy:data/accessoriescsv.csv,name:MIU MIU matelassé wallet,brand:Comme Des Garçons Wallet,price:HK$982,description:Navy blue leather zipped wallet  from Comme Des Garçons Wallet. This item is unisex.,color:NAVY,styleid:SA7100,imglink:https://cdn-images.farfetch-contents.com/12/36/54/54/12365454_11124886_322.jpg
id:12189534,daddy:data/accessoriescsv.csv,name:MONCLER cross padded scarf,brand:Rick Owens,price:HK$5304,description:Rick Owens inspired by ceremonies and royalty this season experimented with grand looking drapes that express contemporary royalties - This black feather down padded scarf lives up to Rick's ceremonial influences.,color:9,styleid:RR17F8411EV,imglink:https://cdn-images.farfetch-contents.com/12/18/95/34/12189534_10405191_322.jpg
id:12446766,daddy:data/accessoriescsv.csv,name:N.PEAL Chevron bobble scarf,brand:N.Peal,price:HK$1099,description:Moorland brown cashmere woven scarf from N.Peal.,color:Moorland Brown,styleid:NPA107A,imglink:https://cdn-images.farfetch-contents.com/12/44/67/66/12446766_11486813_322.jpg
id:12353419,daddy:data/accessoriescsv.csv,name:N.PEAL fur neckwarmer,brand:Maison Margiela,price:HK$10915,description:Emerging from Antwerp's avant-garde design scene in the late 80s Maison Margiela made a name for itself with its experimental and often conceptual approach to design. Crafted from lamb fur this chunky gilet takes a sleeveless cut with a v-neck a front hook and eye fastening and a dyed stripe detail to the front and back finished with and a full lining. This item is true to fit.,color:856,styleid:S30FB0088SY0679,imglink:https://cdn-images.farfetch-contents.com/12/35/34/19/12353419_11130645_322.jpg
id:12446773,daddy:data/accessoriescsv.csv,name:N.PEAL raccoon pompom hat,brand:N.Peal,price:HK$1376,description:Grey cashmere and raccoon fur pompom ribbed beanie from N.Peal.,color:Dark Charcoal + Raccoon,styleid:NPA160F,imglink:https://cdn-images.farfetch-contents.com/12/44/67/73/12446773_11487001_322.jpg
id:11750537,daddy:data/accessoriescsv.csv,name:OLIVER PEOPLES Keery glasses,brand:Oliver Peoples,price:HK$3286,description:Black acetate Byredo x Oliver Peoples sunglasses from Oliver Peoples. This item comes with a protective case. This item is unisex.,color:10314C,styleid:OV5310SU,imglink:https://cdn-images.farfetch-contents.com/11/75/05/37/11750537_8311928_322.jpg
id:11811374,daddy:data/accessoriescsv.csv,name:PAUL SMITH Crossover Stripe' zip-around purse,brand:Comme Des Garçons Wallet,price:HK$543,description:Red leather zip around purse from Comme Des Garçons Wallet featuring an all around zip fastening gold-tone hardware an embossed internal logo stamp and an internal slip pocket. This item is unisex.,color:RED,styleid:SA3100,imglink:https://cdn-images.farfetch-contents.com/11/81/13/74/11811374_8544325_322.jpg
id:12215063,daddy:data/accessoriescsv.csv,name:PIERRE-LOUIS MASCIA printed patchwork scarf,brand:Pierre-Louis Mascia,price:HK$2196,description:Multicolour modal-cashmere blend and silk printed patchwork scarf from Pierre-Louis Mascia.,color:40992/101-12,styleid:ALOWON,imglink:https://cdn-images.farfetch-contents.com/12/21/50/63/12215063_11247682_322.jpg
id:12097891,daddy:data/accessoriescsv.csv,name:PRADA classic continental wallet,brand:Yohji Yamamoto,price:HK$4232,description:Black leather classic continental wallet from Yohji Yamamoto.,color:BLACK,styleid:HDA05721,imglink:https://cdn-images.farfetch-contents.com/12/09/78/91/12097891_10068297_322.jpg
id:12097891,daddy:data/accessoriescsv.csv,name:PRADA Classic continental wallet,brand:Yohji Yamamoto,price:HK$4232,description:Black leather classic continental wallet from Yohji Yamamoto.,color:BLACK,styleid:HDA05721,imglink:https://cdn-images.farfetch-contents.com/12/09/78/91/12097891_10068297_322.jpg
id:12279728,daddy:data/accessoriescsv.csv,name:PRADA fur patch mittens,brand:Prada,price:HK$10250,description:Brown leather and rabbit fur loafers from Prada.,color:F0018 NATURALE,styleid:2DG0843J30,imglink:https://cdn-images.farfetch-contents.com/12/27/97/28/12279728_10838643_322.jpg
id:12458956,daddy:data/accessoriescsv.csv,name:PRADA Logo plaque wallet on chain,brand:Bally,price:HK$1258,description:Blue leather logo plaque wallet  from Bally.,color:blu,styleid:621483027,imglink:https://cdn-images.farfetch-contents.com/12/45/89/56/12458956_11543141_322.jpg
id:12469827,daddy:data/accessoriescsv.csv,name:PRADA teddy bear trick keyring,brand:Prada,price:HK$2236,description:Founded by Mario Prada the brand is known for producing timeless items with traditional Milanese construction. Expect to see outerwear with a utilitarian twist and vibrant accessories that have amassed a cult following. Black Prada tote keyring featuring a lobster clasp closure silver-tone hardware and a logo plaque.,color:F0002 NERO,styleid:2TT062D02,imglink:https://cdn-images.farfetch-contents.com/12/46/98/27/12469827_11861735_322.jpg
id:10880934,daddy:data/accessoriescsv.csv,name:PROENZA SCHOULER Metallic PS11 Wallet With Strap,brand:Comme Des Garçons Wallet,price:HK$1307,description:Gold-tone leather metallic zip wallet from Comme Des Garçons Wallet featuring a zip fastening multiple interior card slots a coin pocket and an embossed internal logo stamp.,color:Gold,styleid:SA2100G,imglink:https://cdn-images.farfetch-contents.com/10/88/09/34/10880934_4256790_322.jpg
id:12336397,daddy:data/accessoriescsv.csv,name:PS BY PAUL SMITH Fringed scarf,brand:Paul Smith,price:HK$1461,description:Multicolour cashmere fringed scarf from Paul Smith.,color:92,styleid:ATXC817DS11792,imglink:https://cdn-images.farfetch-contents.com/12/33/63/97/12336397_11211852_322.jpg
id:11522565,daddy:data/accessoriescsv.csv,name:SAINT LAURENT  leopard print scarf,brand:Saint Laurent,price:HK$1976,description:Brown wool leopard print scarf from Saint Laurent featuring raw edges and a printed logo.,color:2660,styleid:4330634Y200,imglink:https://cdn-images.farfetch-contents.com/11/52/25/65/11522565_7363841_322.jpg
id:12192098,daddy:data/accessoriescsv.csv,name:SAINT LAURENT Fragments zip wallet,brand:Saint Laurent,price:HK$4500,description:With a legacy built on luxurious hedonism Parisian fashion house Saint Laurent exudes the seditious spirit of the times through classic tailored silhouettes and classic leatherwares. With its distinctive cut-corner front panel the iconic Fragments wallet is presented here in smooth black calf leather finished with a brand stamp and topped with a black zip which trims the top and one of the sides. The gusseted interior is divided by a central zipped coin pocket multiple card slots and bill compartments.,color:4164,styleid:456153D432U,imglink:https://cdn-images.farfetch-contents.com/12/19/20/98/12192098_10371689_322.jpg
id:11871836,daddy:data/accessoriescsv.csv,name:SAINT LAURENT SL 185 slim sunglasses,brand:Saint Laurent Eyewear,price:HK$2315,description:Tapping into the current trend of yellow lens sunglasses these Slim SL 138 sunglasses are presented in a versatile black hue and feature comfortable and flattering square frames. Detailed with Saint Laurent's embossed logo to each temple these Slim SL 138 sunglasses are finished with straight arms and angled tips.,color:1085,styleid:447662Y9901,imglink:https://cdn-images.farfetch-contents.com/11/87/18/36/11871836_8857300_322.jpg
id:12149502,daddy:data/accessoriescsv.csv,name:SAINT LAURENT star stud sunglasses,brand:Saint Laurent,price:HK$5900,description:Red and black cotton Saint Laurent Université jumper from Saint Laurent featuring a ribbed crew neck long sleeves a ribbed hem and cuffs and a signature Saint Laurent Université motif at the chest.,color:8409,styleid:459967Y1TR1,imglink:https://cdn-images.farfetch-contents.com/12/14/95/02/12149502_10181136_322.jpg
id:12516738,daddy:data/accessoriescsv.csv,name:SAINT LAURENT  Compact Tri-fold Wallet,brand:Saint Laurent,price:HK$2750,description:Founded in 1961 by innovative designer Yves Saint Laurent French luxury fashion house Saint Laurent fuses expert craftsmanship with the label’s signature rock ‘n’ roll flair. This navy blue  leather tri-fold wallet  features a pebbled leather texture a front embossed logo stamp and a push lock fastening.,color:4147,styleid:459996BTY6N,imglink:https://cdn-images.farfetch-contents.com/12/51/67/38/12516738_11819530_322.jpg
id:11279256,daddy:data/accessoriescsv.csv,name:SALVATORE FERRAGAMO  Gancio French flap wallet,brand:Salvatore Ferragamo,price:HK$1560,description:Black calf leather flap wallet from Salvatore Ferragamo featuring a foldover top a silver-tone logo plaque and multiple interior card slots.,color:001 NERO,styleid:636181,imglink:https://cdn-images.farfetch-contents.com/11/27/92/56/11279256_6117304_322.jpg
id:12507214,daddy:data/accessoriescsv.csv,name:SALVATORE FERRAGAMO Amy backpack,brand:Salvatore Ferragamo,price:HK$3240,description:Recognised as one of the leading luxury accessory labels to date Salvatore Ferragamo champions impeccable quality excellent craftsmanship and timeless design. Made in Italy from lightweight ultramarine blue nylon and supple black leather this backpack from Salvatore Ferragamo features adjustable shoulder straps a drawstring fastening a front zip compartment an internal logo patch and a hanging red double Gancio charm.,color:002 ULTRABLUE,styleid:673971,imglink:https://cdn-images.farfetch-contents.com/12/50/72/14/12507214_11736757_322.jpg
id:11958857,daddy:data/accessoriescsv.csv,name:SALVATORE FERRAGAMO bow detail mini wallet,brand:Ami Alexandre Mattiussi,price:HK$1080,description:Blue leather  mini wallet  from Ami Alexandre Mattiussi.,color:400 blue,styleid:H17A004300,imglink:https://cdn-images.farfetch-contents.com/11/95/88/57/11958857_9244204_322.jpg
id:12540706,daddy:data/accessoriescsv.csv,name:SALVATORE FERRAGAMO Double Gancio continental wallet,brand:Salvatore Ferragamo,price:HK$2355,description:Recognised as one of the leading luxury accessory labels to date Salvatore Ferragamo champions impeccable quality excellent craftsmanship and timeless designs. Crafted in Italy from smooth calf leather this double gancio wallet from Salvatore Ferragamo features a silver-tone logo plaque multiple interior card slots and a note compartment.,color:RED,styleid:685954,imglink:https://cdn-images.farfetch-contents.com/12/54/07/06/12540706_11886225_322.jpg
id:11480973,daddy:data/accessoriescsv.csv,name:SALVATORE FERRAGAMO Gancio floral print scarf,brand:Salvatore Ferragamo,price:HK$1529,description:Navy wool gancio print scarf from Salvatore Ferragamo featuring frayed edges.,color:NAVY,styleid:5235170622742,imglink:https://cdn-images.farfetch-contents.com/11/48/09/73/11480973_7043505_322.jpg
id:12531402,daddy:data/accessoriescsv.csv,name:SALVATORE FERRAGAMO Gancio French continental wallet,brand:Salvatore Ferragamo,price:HK$3154,description:Salvatore Ferragamo present this classic Gancio wallet a luxurious take on an everyday essential. Constructed in Italy from a supple calf leather the exterior of this rectangular accessory features an eye-catching plaque of the brand’s signature double Gancio detail. This richly designed Salvatore Ferragamo piece also contains multiple interior card slots.,color:001 NERO,styleid:686012,imglink:https://cdn-images.farfetch-contents.com/12/53/14/02/12531402_11837821_322.jpg
id:11480973,daddy:data/accessoriescsv.csv,name:SALVATORE FERRAGAMO Gancio print scarf,brand:Salvatore Ferragamo,price:HK$1529,description:Navy wool gancio print scarf from Salvatore Ferragamo featuring frayed edges.,color:NAVY,styleid:5235170622742,imglink:https://cdn-images.farfetch-contents.com/11/48/09/73/11480973_7043505_322.jpg
id:12425397,daddy:data/accessoriescsv.csv,name:SALVATORE FERRAGAMO Miss Vara Bow clip cardholder,brand:Salvatore Ferragamo,price:HK$1200,description:The definition of Italian luxury Salvatore Ferragamo prides itself on a seamless blend of high-quality materials impeccable craftsmanship and a timeless design vision. This smokey blue silk bow print tie features a pointed tip and an allover bow print.,color:FUMO,styleid:668849,imglink:https://cdn-images.farfetch-contents.com/12/42/53/97/12425397_11378155_322.jpg
id:11961197,daddy:data/accessoriescsv.csv,name:SALVATORE FERRAGAMO Soft Sofia shoulder bag,brand:Salvatore Ferragamo,price:HK$4400,description:Nero black shoulder bag from Salvatore Ferragamo featuring a top zip fastening silver-tone hardware a zip fastened interior compartment a front zip compartment a logo printed adjustable shoulder strap and branded side panel.,color:NERO,styleid:663526,imglink:https://cdn-images.farfetch-contents.com/11/96/11/97/11961197_9386359_322.jpg
id:12180311,daddy:data/accessoriescsv.csv,name:SALVATORE FERRAGAMO Vara organizer wallet,brand:Salvatore Ferragamo,price:HK$3950,description:Blue leather wallet from Salvatore Ferragamo featuring a front logo plaque multiple interior card slots and an internal logo stamp.,color:009 Royal/blue/ma,styleid:670662,imglink:https://cdn-images.farfetch-contents.com/12/18/03/11/12180311_10330239_322.jpg
id:12156366,daddy:data/accessoriescsv.csv,name:SALVATORE FERRAGAMO weave knit scarf,brand:Salvatore Ferragamo,price:HK$1700,description:Salvatore Ferragamo's collection features Old Hollywood sophistication and off-beat detailing.  This grey wool-silk blend classic knitted scarf from Salvatore Ferragamo is a wardrobe staple.,color:antracite/rosso,styleid:677495,imglink:https://cdn-images.farfetch-contents.com/12/15/63/66/12156366_10228303_322.jpg
id:12150944,daddy:data/accessoriescsv.csv,name:STELLA MCCARTNEY beanie cat keyring,brand:Thom Browne,price:HK$1470,description:Black brass cat keyring from Thom Browne.,color:BLACK,styleid:MZK019A01763,imglink:https://cdn-images.farfetch-contents.com/12/15/09/44/12150944_10196681_322.jpg
id:12139956,daddy:data/accessoriescsv.csv,name:STELLA MCCARTNEY clip on aviator sunglasses,brand:Stella Mccartney Eyewear,price:HK$4102,description:Brown tortoiseshell  clip on aviator sunglasses from Stella McCartney. This item is unisex.,color:003,styleid:SC0076S,imglink:https://cdn-images.farfetch-contents.com/12/13/99/56/12139956_10074560_322.jpg
id:12476977,daddy:data/accessoriescsv.csv,name:THOM BROWNE Tortoiseshell effect eye glasses,brand:Thom Browne Eyewear,price:HK$5189,description:Black and brown tortoiseshell effect eye glasses from Thom Browne Eyewear featuring round frames.,color:02,styleid:TBX908,imglink:https://cdn-images.farfetch-contents.com/12/47/69/77/12476977_11645364_322.jpg
id:12507716,daddy:data/accessoriescsv.csv,name:TOM FORD Round frame glasses,brand:Kyme,price:HK$1386,description:Black acetate Tom round frame glasses from Kyme.,color:01,styleid:TOM,imglink:https://cdn-images.farfetch-contents.com/12/50/77/16/12507716_11768245_322.jpg
id:11569302,daddy:data/accessoriescsv.csv,name:VALENTINO ,brand:Valentino,price:HK$11287,description:Black nylon Valentino Garavani 'Rockstud' messenger bag from Valentino featuring a camouflage pattern a top zip fastening front zipped pockets a detachable and adjustable shoulder strap Rockstud embellishments and an internal zipped pocket.,color:BLACK,styleid:LY0B0549NBV,imglink:https://cdn-images.farfetch-contents.com/11/56/93/02/11569302_8090573_322.jpg
id:12129803,daddy:data/accessoriescsv.csv,name:Valentino Garavani Rockstud key purse,brand:Valentino,price:HK$2414,description:The Valentino collection features refined Italian craftsmanship whilst maintaining a youthful and playful aesthetic. This classic black leather classic bi-fold wallet from Valentino features multiple interior card slots and Rockstud embellishments.,color:0NO-NERO,styleid:NY2P0602VH3,imglink:https://cdn-images.farfetch-contents.com/12/12/98/03/12129803_10169087_322.jpg
id:12327626,daddy:data/accessoriescsv.csv,name:VIVIENNE WESTWOOD logo heart keychain,brand:Vivienne Westwood,price:HK$471,description:Blue leather and metal logo heart keychain from Vivienne Westwood.,color:294 BLUE,styleid:321565,imglink:https://cdn-images.farfetch-contents.com/12/32/76/26/12327626_11200615_322.jpg
id:12395829,daddy:data/accessoriescsv.csv,name:Y / PROJECT Napoleon football scarf,brand:Y / Project,price:HK$2483,description:Red merino-wool blend  Napoleon and Josephine scarf  from Y/PROJECT.,color:SM000 MULTI,styleid:SCARFNAPOLEM131,imglink:https://cdn-images.farfetch-contents.com/12/39/58/29/12395829_11249916_322.jpg
id:12087723,daddy:data/accessoriescsv.csv,name:YVES SALOMON removable pom pom knit hat,brand:Dsquared2,price:HK$1635,description:DSQUARED2 are known for their luxurious wardrobe staples each fashioned from premium fabrics and infused with the Caten twins' idiosyncratic touch. This beanie hat is a prime example knitted in Italy from sumptuous black wool that will no doubt keep you warm throughout the colder climates. The accessory features an upturned brim a pompom detail at the top a ribbed design and a red and white maple leaf logo patch - paying homage to DSQUARED2's Canadian heritage.,color:2124,styleid:W17KH100101W,imglink:https://cdn-images.farfetch-contents.com/12/08/77/23/12087723_10071619_322.jpg
id:12184856,daddy:data/accessoriescsv.csv,name:Dolce & Gabbana Printed silk-twill scarf ,brand:Dolce & Gabbana,price:HK$2711,description:Dolce & Gabbana’s classic leisurewear is crafted in Italy from the finest materials for lasting wearability. This green T-shirt from Dolce & Gabbana’s AW17/18 collection is spun from a soft cotton for optimum comfort. It features a round neck short sleeves a relaxed fit and a multi colour print of a gorilla.,color:HVD86/GREEN,styleid:G8HI7THP7SN,imglink:https://cdn-images.farfetch-contents.com/12/18/48/56/12184856_10366764_322.jpg
id:12184856,daddy:data/accessoriescsv.csv,name:Dolce & Gabbana Swarovski crystal-embellished round-frame rose gold-tone sunglasses,brand:Dolce & Gabbana,price:HK$2711,description:Dolce & Gabbana’s classic leisurewear is crafted in Italy from the finest materials for lasting wearability. This green T-shirt from Dolce & Gabbana’s AW17/18 collection is spun from a soft cotton for optimum comfort. It features a round neck short sleeves a relaxed fit and a multi colour print of a gorilla.,color:HVD86/GREEN,styleid:G8HI7THP7SN,imglink:https://cdn-images.farfetch-contents.com/12/18/48/56/12184856_10366764_322.jpg
id:12136702,daddy:data/accessoriescsv.csv,name:,brand:Versace,price:HK$2443,description:The collection from Versace evokes maximalist Italian design and opulent detailing. These black and white leather Medusa sneakers from Versace featuring a round toe a lace fastening a flat sole and a Medusa logo.,color:NERO/BIANCO,styleid:DSU6450DVGWG,imglink:https://cdn-images.farfetch-contents.com/12/13/67/02/12136702_10155698_322.jpg