id:12545917,daddy:data/femalefashioncsv.csv,name:GIVENCHY  logo trim track pants,brand:Givenchy,price:HK$5503,description:Givenchy’s latest collection continues to highlight the label's love of bold graphics and statement prints. Expect streetwear-inspired silhouettes underpinned with a contemporary edge. This pair of black cotton track pants is detailed with a tonal side stripe logo panel to each outer leg. Fashioned with an elasticated waistband side zipped pockets and a straight leg these laid-back trousers showcase Givenchy's sports-luxe aesthetic.,color:001,styleid:BW501H300P,imglink:https://cdn-images.farfetch-contents.com/12/54/59/17/12545917_11886187_322.jpg
id:11787678,daddy:data/femalefashioncsv.csv,name:DOLCE & GABBANA  polka dot sheer skirt,brand:Dolce & Gabbana,price:HK$4480,description:These shiny silver-tone calf leather leather and cotton mirrored embellished sandals from Dolce & Gabbana are a stylish stand-out and the ultimate summer party shoe. Featuring an open toe with crystal detailing a brand embossed insole a delicate ankle strap with a decorative crystal side buckle fastening and a sturdy high block heel these mirrored embellished sandals will have you shimmering come sundown.,color:8D710 ARGENTO,styleid:CR0220AE702,imglink:https://cdn-images.farfetch-contents.com/11/78/76/78/11787678_9888383_322.jpg
id:12503366,daddy:data/femalefashioncsv.csv,name:ANNA SUI  printed belted dress,brand:Anna Sui,price:HK$5201,description:Black silk printed belted dress from Anna Sui.,color:BLACK MULTI,styleid:1018D70,imglink:https://cdn-images.farfetch-contents.com/12/50/33/66/12503366_11745986_322.jpg
id:12458557,daddy:data/femalefashioncsv.csv,name:GIAMBATTISTA VALLI  bouclé tweed flared dress,brand:Giambattista Valli,price:HK$17692,description:Black and white virgin wool and cotton blend and silk bouclé tweed flared dress from Giambattista Valli.,color:BLANC & NOIR,styleid:A17PV52003250,imglink:https://cdn-images.farfetch-contents.com/12/45/85/57/12458557_11834490_322.jpg
id:12506234,daddy:data/femalefashioncsv.csv,name:MONSE  strapless contrast fitted dress,brand:Monse,price:HK$40806,description:Black and white silk strapless contrast fitted dress from monse.,color:BLACK,styleid:R75P3038,imglink:https://cdn-images.farfetch-contents.com/12/50/62/34/12506234_11847531_322.jpg
id:12433677,daddy:data/femalefashioncsv.csv,name:REBECCA VALLANCE  Montecarlo dress,brand:Rebecca Vallance,price:HK$3938,description:Turquoise  Montecarlo dress  from REBECCA VALLANCE.,color:RIVERIA,styleid:17RV041098,imglink:https://cdn-images.farfetch-contents.com/12/43/36/77/12433677_11542714_322.jpg
id:12423259,daddy:data/femalefashioncsv.csv,name:Burberry Kensington wool and cashmere-blend coat,brand:Roksanda,price:HK$16568,description:Blue cashmere wool Hotaru oversized cashmere blend coat from Roksanda.,color:BLUE,styleid:AW17MC1511HOTARUCO,imglink:https://cdn-images.farfetch-contents.com/12/42/32/59/12423259_11487647_322.jpg
id:12206178,daddy:data/femalefashioncsv.csv,name:SELF-PORTRAIT Floral fil-coupe top,brand:Roland Mouret,price:HK$3295,description:Yellow cotton silk-blend Eugene floral fil coupe top from Roland Mouret.,color:C0003 CANARY YELLOW,styleid:S6100F6483,imglink:https://cdn-images.farfetch-contents.com/12/20/61/78/12206178_10486371_322.jpg
id:12159040,daddy:data/femalefashioncsv.csv,name:SELF-PORTRAIT Pleated Trim crepe mini dress,brand:Dion Lee,price:HK$5326,description:Wine pleated jersey-crepe mini dress from Dion Lee.,color:WINE,styleid:A9293P17WINE,imglink:https://cdn-images.farfetch-contents.com/12/15/90/40/12159040_10329963_322.jpg
id:12318019,daddy:data/femalefashioncsv.csv,name:SOLACE LONDON Klara crepe midi dress,brand:Yigal Azrouel,price:HK$8914,description:Black Crepe Midi Dress from Yigal Azrouel.,color:JET,styleid:Y37408TC,imglink:https://cdn-images.farfetch-contents.com/12/31/80/19/12318019_11134782_322.jpg
id:12396344,daddy:data/femalefashioncsv.csv,name:ALEXACHUNG Lonely Hearts Club cotton-jersey T-shirt,brand:Alexa Chung,price:HK$545,description:Pink cotton Lonely Hearts Club T-shirt  from Alexa Chung.,color:PINK,styleid:3JE11C0229,imglink:https://cdn-images.farfetch-contents.com/12/39/63/44/12396344_11255426_322.jpg
id:12209377,daddy:data/femalefashioncsv.csv,name:ALLSAINTS Balfern leather biker jacket,brand:Reinaldo Lourenço,price:HK$9702,description:Black leather biker jacket from Reinaldo Lourenço featuring a classic collar long sleeves an off-centre front zip fastening a straight fit and pockets.,color:900,styleid:24070323,imglink:https://cdn-images.farfetch-contents.com/12/20/93/77/12209377_10527597_322.jpg
id:12318019,daddy:data/femalefashioncsv.csv,name:SELF-PORTRAIT Monochrome Calista cold shoulder crepe midi dress,brand:Yigal Azrouel,price:HK$8914,description:Black Crepe Midi Dress from Yigal Azrouel.,color:JET,styleid:Y37408TC,imglink:https://cdn-images.farfetch-contents.com/12/31/80/19/12318019_11134782_322.jpg
id:12379167,daddy:data/femalefashioncsv.csv,name:KENZO Icon Tiger-embroidered cotton-jersey sweatshirt,brand:Kenzo,price:HK$3390,description:Kenzo’s yellow sweatshirt is embroidered with the label’s signature tiger motif. In soft cotton this sweatshirt features a ribbed crew neck and long sleeves with a ribbed hem and cuffs. Kenzo embodies Parisian-cool with sharp silhouettes and a punchy colour palette.,color:41,styleid:F762SW8714XE,imglink:https://cdn-images.farfetch-contents.com/12/37/91/67/12379167_11183486_322.jpg
id:12362608,daddy:data/femalefashioncsv.csv,name:CANADA GOOSE Shelburne shell and down parka coat,brand:Woolrich,price:HK$5345,description:Green cotton feather down parka coat  from Woolrich.,color:GRIGIO,styleid:WWCPS2444CN03,imglink:https://cdn-images.farfetch-contents.com/12/36/26/08/12362608_11140885_322.jpg
id:12274529,daddy:data/femalefashioncsv.csv,name:KENZO Tiger-embroidered cotton-jersey sweatshirt,brand:Kenzo,price:HK$2790,description:Not for the faint hearted this Kenzo Tiger sweatshirt is the perfect OTT streetwear piece. Its signature Tiger motif is embroidered onto this sunshine yellow soft cotton top and features a ribbed round neck and ribbed hem and cuffs.,color:41,styleid:F762SW8024XG,imglink:https://cdn-images.farfetch-contents.com/12/27/45/29/12274529_10759055_322.jpg
id:12423105,daddy:data/femalefashioncsv.csv,name:KENZO Evil eye-embroidered cotton-jersey hoody,brand:Alexander McQueen,price:HK$7401,description:Red Embroidered cotton hoodie from Alexander McQueen.,color:0906 RED,styleid:491024QJZ44,imglink:https://cdn-images.farfetch-contents.com/12/42/31/05/12423105_11485743_322.jpg
id:12423105,daddy:data/femalefashioncsv.csv,name:HELMUT LANG Re-Edition studded cotton hoody,brand:Alexander McQueen,price:HK$7401,description:Red Embroidered cotton hoodie from Alexander McQueen.,color:0906 RED,styleid:491024QJZ44,imglink:https://cdn-images.farfetch-contents.com/12/42/31/05/12423105_11485743_322.jpg
id:11676969,daddy:data/femalefashioncsv.csv,name:GOOD AMERICAN Good Legs Crop skinny high-rise jeans,brand:Citizens Of Humanity,price:HK$1621,description:Black cotton blend  skinny high-rise jeans  from Citizens Of Humanity.,color:TEMPEST,styleid:1554B938,imglink:https://cdn-images.farfetch-contents.com/11/67/69/69/11676969_7959050_322.jpg
id:12182662,daddy:data/femalefashioncsv.csv,name:THEORY Karenia round-neck cashmere jumper,brand:Equipment,price:HK$2625,description:Bottle green round neck cashmere sweater from Equipment.,color:BOTTLE GREEN,styleid:U10S184,imglink:https://cdn-images.farfetch-contents.com/12/18/26/62/12182662_10338036_322.jpg
id:12224226,daddy:data/femalefashioncsv.csv,name:COMME DES GARCONS PLAY Embroidered-heart wool cardigan,brand:Comme Des Garçons Play,price:HK$1333,description:White canvas Comme des Garcons Play x Converse Chuck Taylor sneakers from Comme Des Garçons Play featuring front lace-up fastening. This item is unisex.,color:2 BEIGE,styleid:P1K112,imglink:https://cdn-images.farfetch-contents.com/12/22/42/26/12224226_10498761_322.jpg
id:11177355,daddy:data/femalefashioncsv.csv,name:J BRAND Maria skinny high-rise jeans,brand:J Brand,price:HK$1630,description:Black cotton blend  'Maria' high-rise skinny jeans from J Brand.,color:BLACK,styleid:23110O294,imglink:https://cdn-images.farfetch-contents.com/11/17/73/55/11177355_5651909_322.jpg
id:12525075,daddy:data/femalefashioncsv.csv,name:SALVATORE FERRAGAMO  felt coat,brand:Salvatore Ferragamo,price:HK$9160,description:The definition of Italian luxury Salvatore Ferragamo prides itself on a seamless blend of high-quality materials impeccable craftsmanship and a timeless design vision. Crafted from virgin wool felt this coat features a collarless design long sleeves a loose fit a partial lining and a concealed button fastening. This classic style is finished the label's signature silver-tone Gancio clasp.,color:005 BETULLA,styleid:682354,imglink:https://cdn-images.farfetch-contents.com/12/52/50/75/12525075_11808469_322.jpg
id:12161683,daddy:data/femalefashioncsv.csv,name:SALVATORE FERRAGAMO  fur Vara ballerina shoes,brand:Salvatore Ferragamo,price:HK$3395,description:Salvatore Ferragamo's iconic Vara ballerina shoes are given a contemporary re-vamp for AW17 arriving into the new season with a front fur detail. Bearing the brand's signature bow and gold-tone logo plaque front and centre the pair represents Ferragamo's hallmarks of femininity luxury and elegance. Crafted in Italy from black suede leather the flats also feature a round toe and a branded insole.,color:NERO,styleid:680258,imglink:https://cdn-images.farfetch-contents.com/12/16/16/83/12161683_10803228_322.jpg
id:12503097,daddy:data/femalefashioncsv.csv,name:SALVATORE FERRAGAMO  reversible puffer jacket,brand:Salvatore Ferragamo,price:HK$6900,description:Designer Fulvio Rigoni continues to master Salvatore Ferragamo’s house codes for the brand's AW17 collection delivering luxurious and wearable pieces that don’t stray from the label’s feminine attitude. Crafted in Italy this nude and grey reversible puffer jacket from Salvatore Ferragamo features an oversized collar long wide sleeves a Gancio toggle fastening a quilted effect a leopard printed lining and a feather down interior.,color:063 BETULLA,styleid:681929,imglink:https://cdn-images.farfetch-contents.com/12/50/30/97/12503097_11734473_322.jpg
id:12503096,daddy:data/femalefashioncsv.csv,name:SALVATORE FERRAGAMO Gancio embellished turtleneck,brand:Salvatore Ferragamo,price:HK$2520,description:Salvatore Ferragamo is renowned for using the highest quality materials and expert craftsmanship techniques to fashion timeless wardrobe staples for the modern woman. Knitted in Italy from luxuriously soft light blue virgin wool this Gancio embellished turtleneck jumper from Salvatore Ferragamo features a ribbed roll neck long sleeves a ribbed hem and cuffs a slim fit and a silver-tone logo plaque.,color:047 OPALE,styleid:682224,imglink:https://cdn-images.farfetch-contents.com/12/50/30/96/12503096_11734453_322.jpg
id:12492862,daddy:data/femalefashioncsv.csv,name:SALVATORE FERRAGAMO sneaker mules,brand:Salvatore Ferragamo,price:HK$2300,description:Salvatore Ferragamo’s AW17 collection was designed for an active modern woman combining technical details and the label’s signature elegant twist.  These black lamb fur and leather sneaker mules from Salvatore Ferragamo feature a round toe a backless design a slip-on style elasticated side panels and a flat rubber sole for on-the-go ease.,color:NOIR,styleid:679053,imglink:https://cdn-images.farfetch-contents.com/12/49/28/62/12492862_11637150_322.jpg
id:12483756,daddy:data/femalefashioncsv.csv,name:SALVATORE FERRAGAMO leopard print coat,brand:Salvatore Ferragamo,price:HK$16250,description:Designer Fulvio Rigoni continues to master Salvatore Ferragamo’s house codes for the AW17 collection delivering luxurious and wearable pieces that don’t stray from the label’s feminine attitude. This blue virgin wool cashmere and silk blend leopard print coat from Salvatore Ferragamo features a round neck a concealed fastening  side slit pockets long sleeves a leopard print a printed lining and a mid-length.,color:CEL,styleid:681847,imglink:https://cdn-images.farfetch-contents.com/12/48/37/56/12483756_11636735_322.jpg
id:12475956,daddy:data/femalefashioncsv.csv,name:SALVATORE FERRAGAMO double Gancio slides,brand:Salvatore Ferragamo,price:HK$2475,description:The iconic 'Gancio' motif is an eternal symbol of Salvatore Ferragamo's rich heritage as well as their dedication to timeless design and luxurious craftsmanship. An updated variation of the fashion house hallmark the double Gancio is seen on these plus slides. Made from black mink fur and leather these slip-on slides  from Salvatore Ferragamo features an open toe a branded insole and a flat rubber sole.,color:NERO/BIANC MINK,styleid:680302,imglink:https://cdn-images.farfetch-contents.com/12/47/59/56/12475956_11635759_322.jpg
id:12467162,daddy:data/femalefashioncsv.csv,name:SALVATORE FERRAGAMO leather fringed jacket,brand:Salvatore Ferragamo,price:HK$16360,description:Salvatore Ferragamo’s AW17 ready-to-wear collection embraced volume and proportion showcasing characteristically elegant silhouettes with dramatic finishing touches. Immaculately designed in Italy this jacket boasts a distinctive metallic gold lambskin leather fringed outer and a supple silk-blend lining. The attention-grabbing piece is completed by a round neckline long sleeves a concealed front fastening and a slightly cropped length.,color:ORO,styleid:675985,imglink:https://cdn-images.farfetch-contents.com/12/46/71/62/12467162_11581895_322.jpg
id:12454482,daddy:data/femalefashioncsv.csv,name:SALVATORE FERRAGAMO  studded waist belt,brand:Salvatore Ferragamo,price:HK$2940,description:Salvatore Ferragamo is famous for classical Florentine leather craftsmanship and beautifully timeless ready-to wear items. This Nero black calf leather studded waist belt from Salvatore Ferragamo features a signature Gancio buckle gold-tone hardware a gold-tone stud detailing an adjustable fit and a pointed tip.,color:001 NERO,styleid:676185,imglink:https://cdn-images.farfetch-contents.com/12/45/44/82/12454482_11522067_322.jpg
id:12434351,daddy:data/femalefashioncsv.csv,name:SALVATORE FERRAGAMO  leopard pattern logo buckle belt,brand:Salvatore Ferragamo,price:HK$2160,description:Designer Fulvio Rigoni continues to master Salvatore Ferragamo’s house codes for the AW17 collection delivering luxurious and wearable pieces that don’t stray from the label’s feminine attitude. This macadamia brown leather and calf hair leopard pattern logo buckle belt features a square tip a leopard pattern and a gold-tone logo buckle.,color:001 MACADAMIA,styleid:676172,imglink:https://cdn-images.farfetch-contents.com/12/43/43/51/12434351_11408430_322.jpg
id:12386340,daddy:data/femalefashioncsv.csv,name:GUCCI  Gucci logo sweatshirt,brand:Gucci,price:HK$9600,description:Reviving the equestrian heritage of the brand Alessandro Michele continues to infuse Gucci's legacy of emblems into his modern designs. The outcome is wardrobe staples with a new wave flair. Crafted in Italy from premium grey cotton this sweatshirt from the AW17 collection features a round neckline long sleeves a ribbed hem and cuffs a comfortable-relaxed fit a glittered variation of Gucci's vintage-inspired logo to the front and an embroidered winged tiger motif to the back.,color:1111 MEDIUM GREY,styleid:469250X9H54,imglink:https://cdn-images.farfetch-contents.com/12/38/63/40/12386340_11461090_322.jpg
id:12390320,daddy:data/femalefashioncsv.csv,name:GUCCI  Florage printed skirt,brand:Gucci,price:HK$15500,description:Fabricated in Italy this delicate silk skirt from Gucci AW17 brings together a selection of colourful flowers against a sleek black backdrop. Continuing to expand on the label's Gucci Garden theme this mid-calf length skirt features a grosgrain ribbon trim an accordion pleat construction and a high waist silhouette.,color:1868,styleid:488449ZJQ33,imglink:https://cdn-images.farfetch-contents.com/12/39/03/20/12390320_11284816_322.jpg
id:12540667,daddy:data/femalefashioncsv.csv,name:GUCCI  Ace crystal embellished sneakers,brand:Gucci,price:HK$10400,description:With every new season Gucci's creative director Alessandro Michele looks for new and innovative ways to bring to life the heritage label's founding house codes. Designing for a contemporary audience this pair of Ace sneakers are set atop a tonal platform sole embedded with lustrous crystal embellishments. Detailed with Gucci's instantly recognizable blue and red Web trim and golden embroidered bee motif; these Ace sneakers are finished with a round toe a lace-up front fastening and a brand embossed insole.,color:9095 Bia/brb/red/notte,styleid:505995DOPE0,imglink:https://cdn-images.farfetch-contents.com/12/54/06/67/12540667_11911356_322.jpg
id:12336638,daddy:data/femalefashioncsv.csv,name:GUCCI  floral print dress,brand:Gucci,price:HK$28000,description:Gucci presents this classic and eye-catching black floral print dress to its AW17 collection. Expertly crafted in Italy from fine silk the dress is the perfect statement choice of clothing for a range of parties and occasions. It features a short length panelled 3/4 sleeves a floral print a ruffled design a bow on the front and a button fastening.,color:1868,styleid:493522ZJQ33,imglink:https://cdn-images.farfetch-contents.com/12/33/66/38/12336638_10953977_322.jpg
id:12088455,daddy:data/femalefashioncsv.csv,name:GUCCI  floral embroidered blazer,brand:Gucci,price:HK$43500,description:Black floral embroidered blazer  from Gucci featuring peaked lapels a front button fastening front flap pockets a rear central vent long sleeves and button cuffs.,color:1082BLACK,styleid:472137ZIE03,imglink:https://cdn-images.farfetch-contents.com/12/08/84/55/12088455_9810813_322.jpg
id:12193679,daddy:data/femalefashioncsv.csv,name:GUCCI  GG Web embroidered coat,brand:Gucci,price:HK$32500,description:Since 2015 Alessandro Michele has taken the helm of Gucci and has pushed the maison into the forefront of fashion. New wave micro florals are the mood of AW17 for a refined yet signature Gucci aesthetic. Nude and black wool GG Web embroidered coat from Gucci featuring a v-neck long sleeves a button fastening a signature blue and red Web detail an embroidered floral design  side slit pockets a mid-length and decorative buttons.,color:9148,styleid:469516ZJZ10,imglink:https://cdn-images.farfetch-contents.com/12/19/36/79/12193679_10363487_322.jpg
id:12423211,daddy:data/femalefashioncsv.csv,name:GUCCI  embellished lace-trimmed dress,brand:Gucci,price:HK$43000,description:Alessandro Michele has transformed the house of Gucci introducing whimsical elements and bold graphics to iconic silhouettes and brand codes. A stunning piece from the AW17 collection this dress has been crafted from panels of delicate floral silk lace supple velvet cotton and wool. The piece features a round neckline with a ruffle trimming a rear zip fastening a short length long lace sleeves with elasticated cuffs faux pearl trims and a colourful crystal-embellished moth detail referencing the designer's love of nature.,color:1000,styleid:493530ZJE77,imglink:https://cdn-images.farfetch-contents.com/12/42/32/11/12423211_11461522_322.jpg
id:12132428,daddy:data/femalefashioncsv.csv,name:GUCCI  Leather mid-heel ankle boot,brand:Gucci,price:HK$9900,description:The double G   antique gold toned hardware is set on the green and red Web of these mid-heel   leather ankle boots. They have a stacked heel and square toe and side zip   closure. Black leather with green and red Web. Double G. Square toe. Side zip   closure. 75mm heel. 14cm shaft height based on a size 37. Made in Italy.,color:1060 NERO,styleid:432063DKHC01060,imglink:https://cdn-images.farfetch-contents.com/12/13/24/28/12132428_10241161_322.jpg
id:12164288,daddy:data/femalefashioncsv.csv,name:GUCCI  embroidered dress,brand:Gucci,price:HK$23000,description:True to Alessandro Michele's daring eccentric vision this elegant black embroidered dress from Gucci features a classic collar long sleeves button cuffs a back zip fastening a straight hem and an embroidered floral design to the front and back.,color:1289,styleid:479516X9B44,imglink:https://cdn-images.farfetch-contents.com/12/16/42/88/12164288_10319172_322.jpg
id:12483730,daddy:data/femalefashioncsv.csv,name:GUCCI  Ayers mid heel pumps,brand:Gucci,price:HK$8800,description:Reviving the classic heritage of the brand Alessandro Michele continues to infuse the Gucci's legacy of emblems into his modern designs. The outcome is wardrobe staples with a new wave flair. This pair of black scale leather Ayers mid heel pumps from Gucci feature a square toe a floral lining a signature logo buckle a piped leather trim a slip-on style and a metallic block heel.,color:1062NERO,styleid:474463EQYD0,imglink:https://cdn-images.farfetch-contents.com/12/48/37/30/12483730_11694646_322.jpg
id:12430332,daddy:data/femalefashioncsv.csv,name:GUCCI  crystal-embellished technical jersey sweatshirt,brand:Gucci,price:HK$16500,description:Alessandro Michele continues to update classic sports-luxe staples infusing them with the romantic energy of Gucci's AW17 collection. Fashioned in Italy from a comfortable black cotton blend this technical jersey sweatshirt features a high standing collar a front zip fastening long sleeves two front zipped pockets striking white crystal embellishments and Gucci's signature blue and red Web detail across the chest.,color:1146,styleid:489718X9F88,imglink:https://cdn-images.farfetch-contents.com/12/43/03/32/12430332_11462807_322.jpg
id:12432872,daddy:data/femalefashioncsv.csv,name:GUCCI  Belted wool silk dress,brand:Gucci,price:HK$28000,description:A symbol that brings together Gucci's past and present the Horsebit was first presented in the 1950s as a decorative motif and is now an iconic element synonymous with the brand. Here it is presented as a detail on the belt which also has a traditional buckle unexpectedly placed on the back. Silk lining. White cady crêpe wool silk with blue trim and red detail. Front box pleat. Red leather belt with Horsebit detail on the front and metal buckle on the back. Back zip closure. 51% wool and 49% silk. Made in Italy. The model is 5'11" and is wearing size 40.,color:9368 White,styleid:493524ZJE96,imglink:https://cdn-images.farfetch-contents.com/12/43/28/72/12432872_11380210_322.jpg
id:12364134,daddy:data/femalefashioncsv.csv,name:GUCCI  Technical jersey stirrup leggings with crystals,brand:Gucci,price:HK$18500,description:Alessandro Michele has transformed the house of Gucci while staying true to the brand's iconic style codes as seen in these Technical jersey stirrup leggings with crystals. A fine example of Italian tailoring the pair has been fashioned from a cream cotton-blend with slight stretch for added comfort. They feature a front fastening flattering skinny fit and stirrup cuffs inspired by the label's equestrian heritage. Finished with the signature blue red and white Sylvie Web running down the sides with crystal embellished lining alongside these Gucci trousers will ensure a bold new-season style.,color:9094,styleid:489728X9F93,imglink:https://cdn-images.farfetch-contents.com/12/36/41/34/12364134_11095492_322.jpg
id:12448212,daddy:data/femalefashioncsv.csv,name:GUCCI  embroidered shearling denim jacket,brand:Gucci,price:HK$52000,description:A classic denim jacket is an essential wardrobe staple and a piece that you will treasure for season's to come. Fabricated in Italy from light blue denim this soft cotton shearling lined jacket features an assortment of multicolour embroideries across the front and a vibrant jacquard patterned panel to the rear. Designed with a relaxed oversized silhouette this Gucci jacket benefits from a set of four front pockets.,color:4413 BLUE,styleid:478041XR657,imglink:https://cdn-images.farfetch-contents.com/12/44/82/12/12448212_11632739_322.jpg
id:12390830,daddy:data/femalefashioncsv.csv,name:GUCCI  checked stirrup trousers,brand:Gucci,price:HK$12000,description:Reviving the equestrian heritage of the brand Alessandro Michele continues to infuse Gucci's rich heritage into his modern designs. The outcome is timeless wardrobe staples with a new-wave flair. Crafted in Italy from sumptuous tonal brown and yellow wool these checked trousers from their AW17 collection feature a concealed front fastening side slit pockets rear pockets a cropped length and a slight flare with stirrup cuffs.,color:9520,styleid:493928ZJW51,imglink:https://cdn-images.farfetch-contents.com/12/39/08/30/12390830_11461210_322.jpg
id:12432944,daddy:data/femalefashioncsv.csv,name:GUCCI  Viscose jersey dress with crystals,brand:Gucci,price:HK$23000,description:Whimsical edges are enhanced by hand-placed crystal embroideries and speak to the dreamlike feel of the collection. Bows continue to be an important element for Gucci adding a touch of femininity in contrasting colours. White compact stretch viscose jersey with black Alcantara trim. Crystal embroideries. Bow detail. Front pockets. Back zip closure. 75% viscose 17% nylon and 8% elastane. Made in Italy. The model is 5'11" and is wearing size 40.,color:5163 Pink,styleid:490489X9H26,imglink:https://cdn-images.farfetch-contents.com/12/43/29/44/12432944_11482824_322.jpg
id:12461799,daddy:data/femalefashioncsv.csv,name:GUCCI  embroidered denim jacket,brand:Gucci,price:HK$23000,description:Alessandro Michele is the king of print and animal inspired embellishments. This delightfully twee  embroidered denim jacket is no exception to the rule. This blue cotton denim jacket from Gucci features a notched collar a front button fastening front flap pockets tapestry style embroidery and long sleeves with button cuffs.,color:4205,styleid:435847XR645,imglink:https://cdn-images.farfetch-contents.com/12/46/17/99/12461799_11560145_322.jpg
id:12274133,daddy:data/femalefashioncsv.csv,name:GUCCI  button placket dress,brand:Gucci,price:HK$14000,description:Alessandro Michele has taken the helm of Gucci and has pushed the maison into the forefront of fashion. Drawing on nature an archive pieces for inspiration he creates modern luxury designs with an organic approach. The result is heritage inspired items imbibed with new life. Black button placket dress from Gucci featuring a pointed collar long sleeves and a short length.,color:1960BLACK,styleid:434244X5C46,imglink:https://cdn-images.farfetch-contents.com/12/27/41/33/12274133_11460308_322.jpg
id:12453221,daddy:data/femalefashioncsv.csv,name:GUCCI  butterfly appliqué gabardine trench coat,brand:Gucci,price:HK$32500,description:Beige wool and cotton blend butterfly appliqué gabardine trench coat from Gucci.,color:9615 BEIGE,styleid:480696ZJE53,imglink:https://cdn-images.farfetch-contents.com/12/45/32/21/12453221_11734893_322.jpg
id:12432943,daddy:data/femalefashioncsv.csv,name:GUCCI  pleated Bermuda trousers,brand:Gucci,price:HK$10500,description:The Bermuda short was an important silhouette on the Fall Winter 2017 runway. The wide leg and pleats are enhanced by a Gucci print that has a stamp effect. Ivory wool. Black Gucci print. Pleated. Front button tabs. Back zip closure. Wide leg sits high on the waist cropped. 100% wool. Made in Italy. The model is 179cm and is wearing size 40.,color:9242 Ivory,styleid:492734ZJW19,imglink:https://cdn-images.farfetch-contents.com/12/43/29/43/12432943_11387567_322.jpg
id:12210797,daddy:data/femalefashioncsv.csv,name:GUCCI  Web trim shift dress,brand:Gucci,price:HK$22000,description:One of Gucci’s signature hallmarks the Web has been around since the 1950’s when it first appeared across clothing shoes and accessories. Continuing to popularise on the house’s iconic signatures creative director Alessandro Michele has created this stunning Web trim wool dress. Presented in renaissance red with a blue trim this flattering shift dress has been constructed with a round neckline GG faux-pearl embellished buttons two front flap faux pockets and a pencil shape skirt with a fitted waist and concealed rear zip fastening.,color:6702 REINESSANCE RED/BLU,styleid:475850ZHM88,imglink:https://cdn-images.farfetch-contents.com/12/21/07/97/12210797_10448719_322.jpg
id:12349419,daddy:data/femalefashioncsv.csv,name:MIU MIU embellished intarsia jumper,brand:Miu Miu,price:HK$4700,description:Red and white  virgin wool and glass  embellished intarsia jumper  from Miu Miu.,color:F0011 ROSSO,styleid:MML0091PNE,imglink:https://cdn-images.farfetch-contents.com/12/34/94/19/12349419_11326616_322.jpg
id:12413749,daddy:data/femalefashioncsv.csv,name:MIU MIU cropped wide leg trousers,brand:Miu Miu,price:HK$3500,description:Black virgin wool blend cropped wide leg trousers from Miu Miu.,color:F0002 NERO,styleid:MP12012A4,imglink:https://cdn-images.farfetch-contents.com/12/41/37/49/12413749_11470346_322.jpg
id:12413770,daddy:data/femalefashioncsv.csv,name:MIU MIU velvet sahariana jacket,brand:Miu Miu,price:HK$11000,description:Green wool velvet sahariana jacket from Miu Miu.,color:F0422 BOTTIGLIA,styleid:MH1422X47,imglink:https://cdn-images.farfetch-contents.com/12/41/37/70/12413770_11504707_322.jpg
id:12413784,daddy:data/femalefashioncsv.csv,name:MIU MIU Jersey Parrot print trousers,brand:Miu Miu,price:HK$4700,description:Miu Miu is the girlishly sweet sister brand to Prada with a supremely feminine outlook. The brand concept was created in 1993 by Miucca Prada and the handle taken from her affectionate childhood nickname. These pink virgin wool blend Jersey Parrot print trousers are a playful piece. The pair feature a high waist an elasticated waistband a flared style and a long length.,color:F0T08 PINK,styleid:MP12121PSO,imglink:https://cdn-images.farfetch-contents.com/12/41/37/84/12413784_11504910_322.jpg
id:12270546,daddy:data/femalefashioncsv.csv,name:MIU MIU faux fur jacket,brand:Miu Miu,price:HK$9825,description:Dusty pink faux fur jacket from Miu Miu.,color:F0E18,styleid:MH14401PS3,imglink:https://cdn-images.farfetch-contents.com/12/27/05/46/12270546_11539984_322.jpg
id:12208984,daddy:data/femalefashioncsv.csv,name:MIU MIU pearl embellished T-shirt,brand:Miu Miu,price:HK$2325,description:White cotton pearl embellished T-shirt  from Miu Miu.,color:F0AY102 Bianco+rosa,styleid:MJM9661N98,imglink:https://cdn-images.farfetch-contents.com/12/20/89/84/12208984_10417076_322.jpg
id:12292607,daddy:data/femalefashioncsv.csv,name:MIU MIU bow tartan smock dress,brand:Miu Miu,price:HK$17750,description:Blue virgin wool bow tartan smock dress  from Miu Miu.,color:BLUE,styleid:MF25701N4O,imglink:https://cdn-images.farfetch-contents.com/12/29/26/07/12292607_11786514_322.jpg
id:12143286,daddy:data/femalefashioncsv.csv,name:MIU MIU fur trim coat,brand:Miu Miu,price:HK$14875,description:Claret virgin wool fur trim coat from Miu Miu.,color:F0041,styleid:MS12911L67,imglink:https://cdn-images.farfetch-contents.com/12/14/32/86/12143286_11314708_322.jpg
id:12339391,daddy:data/femalefashioncsv.csv,name:MIU MIU jewel buckled pumps,brand:Miu Miu,price:HK$4300,description:Raspberry pink velvet calf leather and leather jewel buckled pumps from Miu Miu.,color:F0505 PEONIA,styleid:5I098B3I3U,imglink:https://cdn-images.farfetch-contents.com/12/33/93/91/12339391_11005392_322.jpg
id:12175602,daddy:data/femalefashioncsv.csv,name:MIU MIU Cady dress,brand:Miu Miu,price:HK$8625,description:Black Cady dress from Miu Miu featuring short sleeves a round neck a classic collar a concealed rear zip fastening a frill trim a straight hem and gemstone and pearl embellished buttons and bordered collar.,color:NERO,styleid:MF25731CSJ,imglink:https://cdn-images.farfetch-contents.com/12/17/56/02/12175602_10360893_322.jpg
id:12310648,daddy:data/femalefashioncsv.csv,name:MIU MIU flared skirt,brand:Miu Miu,price:HK$6850,description:Black mohair and virgin wool blend flared skirt from Miu Miu featuring an a-line shape.,color:F0002 NERO,styleid:MG10901GD6,imglink:https://cdn-images.farfetch-contents.com/12/31/06/48/12310648_11333449_322.jpg
id:12413749,daddy:data/femalefashioncsv.csv,name:MIU MIU cropped trousers,brand:Miu Miu,price:HK$3500,description:Black virgin wool blend cropped wide leg trousers from Miu Miu.,color:F0002 NERO,styleid:MP12012A4,imglink:https://cdn-images.farfetch-contents.com/12/41/37/49/12413749_11470346_322.jpg
id:12167549,daddy:data/femalefashioncsv.csv,name:MIU MIU bootcut tailored trousers,brand:Miu Miu,price:HK$3360,description:Cammeo pink virgin wool blend bootcut tailored trousers from Miu Miu.,color:F0770 CAMMEO,styleid:MP1206TSQ,imglink:https://cdn-images.farfetch-contents.com/12/16/75/49/12167549_11326051_322.jpg
id:12276250,daddy:data/femalefashioncsv.csv,name:MIU MIU embellished ankle boots,brand:Miu Miu,price:HK$4525,description:Black suede and leather embellished ankle boots from Miu Miu.,color:F0002,styleid:5T218BXTY,imglink:https://cdn-images.farfetch-contents.com/12/27/62/50/12276250_10849767_322.jpg
id:12413772,daddy:data/femalefashioncsv.csv,name:MIU MIU Name badge denim shirt,brand:Miu Miu,price:HK$3875,description:Founded in 1993 by The Prada Group Miu Miu derives its identity from the founder’s affectionate childhood nickname. Miucca creates playful feminine forms for the contemporary woman. The brand is typified by its muted colour blocking and delicate crystal detailing. This blue wool and cotton Name badge denim shirt has a back to school feel. The cute piece features a pointed collar long sleeves a button fastening and embroidered detailing.,color:F0008 BLEU,styleid:GWC0731F3I,imglink:https://cdn-images.farfetch-contents.com/12/41/37/72/12413772_11504784_322.jpg
id:12302874,daddy:data/femalefashioncsv.csv,name:MIU MIU striped midi skirt,brand:Miu Miu,price:HK$5640,description:Blue virgin wool striped midi skirt  from Miu Miu.,color:F0012,styleid:MMG2551PNG,imglink:https://cdn-images.farfetch-contents.com/12/30/28/74/12302874_10982841_322.jpg
id:12435304,daddy:data/femalefashioncsv.csv,name:FENDI logo embroidered sweatshirt,brand:Champion,price:HK$855,description:Burgundy red cotton logo embroidered sweatshirt from Champion.,color:RS509 BURGUNDY,styleid:210975,imglink:https://cdn-images.farfetch-contents.com/12/43/53/04/12435304_11424141_322.jpg
id:12461602,daddy:data/femalefashioncsv.csv,name:FENDI wide-leg striped trousers,brand:Fendi,price:HK$5100,description:Founded in 1925 by Edoardo and Adele Fendi and now with Karl Lagerfeld at its creative helm fashion powerhouse Fendi is an Italian luxury brand that is undoubtedly famous for being exuberant and audacious. Part of the iconic SS18 collection these wide-leg striped trousers are a brand staple. Crafted from light blue and white cotton they feature an elasticated drawstring waist a striped print a wide leg a flared style and a Fendi logo at the bottom of the right leg.,color:F1001,styleid:FXX571A1IC,imglink:https://cdn-images.farfetch-contents.com/12/46/16/02/12461602_11520142_322.jpg
id:12527269,daddy:data/femalefashioncsv.csv,name:FENDI poplin shirt dress,brand:Fendi,price:HK$11200,description:Founded in 1925 by Edoardo and Adele Fendi and now with Karl Lagerfeld at its creative helm fashion powerhouse Fendi is an Italian luxury brand that is undoubtedly famous for being exuberant and audacious. Part of the iconic SS18 collection this light blue cotton poplin shirt dress from Fendi features a v-neck long sleeves pleated details an asymmetric hem a flared style a light blue and beige lace-up front detail and faux-pearl embellished cuffs.,color:F10BP,styleid:FD9501A0MY,imglink:https://cdn-images.farfetch-contents.com/12/52/72/69/12527269_11848500_322.jpg
id:12531100,daddy:data/femalefashioncsv.csv,name:FENDI faux-pearl embellished blouse,brand:Fendi,price:HK$10200,description:Founded in 1925 by Edoardo and Adele Fendi and now with Karl Lagerfeld at its creative helm fashion powerhouse Fendi is an Italian luxury brand that is undoubtedly famous for being exuberant and audacious. Part of the iconic SS18 collection this faux-pearl embellished blouse from Fendi features long sleeves pleated details an asymmetric hem a lace up front detail at the neck faux-pearl embellished cuffs and ruffled details.,color:F0ZNM-WHITE,styleid:FS6957O2R,imglink:https://cdn-images.farfetch-contents.com/12/53/11/00/12531100_11843685_322.jpg
id:12522460,daddy:data/femalefashioncsv.csv,name:Alexander McQueen classic culottes ,brand:Alexander McQueen,price:HK$7506,description:Discover the darkly alluring aesthetic of Alexander McQueen in the latest collection. Theatrical designs feature intricate opulent detailing and gothic motifs. These classic culottes from the Autumn/Winter 2017 collection are perfect for any occasion. They feature a high rise waistband a back zip fastening a wide leg and a cropped length.,color:6615,styleid:503117QKE40,imglink:https://cdn-images.farfetch-contents.com/12/52/24/60/12522460_11829301_322.jpg
id:12461160,daddy:data/femalefashioncsv.csv,name:Alexander McQueen studded fringe heel ankle boots ,brand:Alexander McQueen,price:HK$6782,description:Luxury British fashion house Alexander McQueen is renowned for its sleek and sophisticated pieces with its own signature edge as showcased by these black ankle boots new to the brand's AW17 collection. Expertly constructed in Italy from quality leather these boots are a great way to make a statement this season. They feature a pointed toe a side zip closure front buckle detail a fringed design rounded stud embellishments and a high stiletto heel.,color:NERO,styleid:493572WHMUM,imglink:https://cdn-images.farfetch-contents.com/12/46/11/60/12461160_11552431_322.jpg
id:12522843,daddy:data/femalefashioncsv.csv,name:Alexander McQueen McQueen bug print T-shirt,brand:Alexander McQueen,price:HK$1996,description:Alexander McQueen’s AW17 collection draws heavily on the natural world for inspiration this season most apparent in the prints and motifs that that appear in the brand’s latest offerings. Crafted from white cotton this McQueen bug print T-shirt features a crew neck a print to the front and a loose fit.,color:900 BIANCO,styleid:507108QKZ08,imglink:https://cdn-images.farfetch-contents.com/12/52/28/43/12522843_11854728_322.jpg
id:12515448,daddy:data/femalefashioncsv.csv,name:Alexander McQueen Love wreath print sweatshirt ,brand:Alexander McQueen,price:HK$3952,description:For AW17 Sarah Burton sought inspiration in ancient traditions. Presenting needlework embroidered accessories colourful tweeds and threaded leather it transports us to the bittersweet Medieval times. Crafted in Italy from grey cotton this Love wreath print sweatshirt from Alexander McQueen features a crew neck a print to the front and a ribbed hem and cuffs.,color:0902,styleid:507094QKZ12,imglink:https://cdn-images.farfetch-contents.com/12/51/54/48/12515448_11797881_322.jpg
id:12463792,daddy:data/femalefashioncsv.csv,name:Alexander McQueen embroidered patch wide leg jeans,brand:Alexander McQueen,price:HK$18699,description:Bring kitschy style to your denim collection this season with this pair of black cotton embroidered patch wide leg jeans from Alexander McQueen. These animated jeans feature a high rise piped seams to the front a cropped length a waistband with belt loops embroidered details frayed edges a button and zip fly and a wide leg.,color:1000,styleid:483989QJM18,imglink:https://cdn-images.farfetch-contents.com/12/46/37/92/12463792_11600287_322.jpg
id:12513285,daddy:data/femalefashioncsv.csv,name:Alexander McQueen Petal Print blouse,brand:Alexander McQueen,price:HK$14005,description:For Spring Summer 2018 Alexander McQueen presents a beautiful petal print for a feminine touch as showcased on this Petal Print blouse. Crafted from luxury ivory Italian silk this blouse features a round neck with a ruched trim and a drawstring tie detail long sleeves and a shift silhouette. The blouse is characterised by the red and pink petal print with light grey written details and an asymmetric ruched peplum hem for an edgy finish.,color:9035 IVORY RED PINK,styleid:504598QKC04,imglink:https://cdn-images.farfetch-contents.com/12/51/32/85/12513285_11811647_322.jpg
id:12540111,daddy:data/femalefashioncsv.csv,name:Alexander McQueen fitted tailored blazer,brand:Alexander McQueen,price:HK$12607,description:Alexander McQueen's exquisite tailoring is evident with this red virgin wool tailored blazer. It features peaked lapels a chest pocket a front button fastening front flap pockets long sleeves and button cuffs. Experience Alexander McQueen's menswear-inspired mood juxtaposed with sleek lines to flatter the female body.,color:6615,styleid:358166QKE40,imglink:https://cdn-images.farfetch-contents.com/12/54/01/11/12540111_11883925_322.jpg
id:12468187,daddy:data/femalefashioncsv.csv,name:Alexander McQueen embroidered sweatshirt,brand:Alexander McQueen,price:HK$9661,description:Alexander McQueen is renowned for being the champion of eye-popping theatrics toughening up everyday accessories with gothic romanticism. This black cotton  embroidered sweatshirt from Alexander McQueen features a crew neck beaded embroidery and a ribbed hem and cuffs.,color:0901 BLACK,styleid:493302QJZ40,imglink:https://cdn-images.farfetch-contents.com/12/46/81/87/12468187_11570980_322.jpg
id:12442941,daddy:data/femalefashioncsv.csv,name:Alexander McQueen lace-up detail double-breasted coat,brand:Alexander McQueen,price:HK$32051,description:For AW17 Sarah Burton sought inspiration in ancient traditions. Presenting needlework embroidered accessories colourful tweeds and threaded leather it transports us to the bittersweet Medieval times. Crafted in Italy from black lambskin this laced coat features classic lapels a double breasted front fastening long sleeves flap pockets a long length a lace up detail eyelets a slim fit and a silk lining.,color:1666,styleid:493350Q5HLV,imglink:https://cdn-images.farfetch-contents.com/12/44/29/41/12442941_11454143_322.jpg
id:12486068,daddy:data/femalefashioncsv.csv,name:Saint Laurent pussy bow mini dress,brand:Saint Laurent,price:HK$35000,description:Make a sleek style impression this season wearing this black silk pussy bow mini dress from Saint Laurent's AW17 collection. This signature mini dress features a pussy bow fastening a scalloped lace hem long sleeves a short length and stitching details.,color:1000,styleid:491274Y070N,imglink:https://cdn-images.farfetch-contents.com/12/48/60/68/12486068_11619764_322.jpg
id:12525960,daddy:data/femalefashioncsv.csv,name:Saint Laurent platform crossover strap sandals,brand:Saint Laurent,price:HK$6950,description:Founded in 1961 by innovative designer Yves Saint Laurent French luxury fashion house Saint Laurent fuses expert craftsmanship with the label’s signature rock ‘n’ roll flair. Crafted in Italy from smooth leather and patent leather these striking Saint Laurent sandals feature an open toe crossover straps to the front an ankle strap with a side buckle fastening a branded insole a platform sole and a chunky high heel.,color:1000,styleid:493035D6C00,imglink:https://cdn-images.farfetch-contents.com/12/52/59/60/12525960_11868134_322.jpg
id:12365552,daddy:data/femalefashioncsv.csv,name:Saint Laurent double breasted coat ,brand:Essentiel Antwerp,price:HK$2504,description:Green wool double breasted coat from ESSENTIEL ANTWERP.,color:VERDE,styleid:OBIWAN,imglink:https://cdn-images.farfetch-contents.com/12/36/55/52/12365552_11111798_322.jpg
id:12409367,daddy:data/femalefashioncsv.csv,name:Saint Laurent elongated sleeve cropped jacket,brand:Saint Laurent,price:HK$38900,description:As part of Saint Laurent's AW17 collection creative director Anthony Vaccarello played with proportions fusing elongated sleeves with thigh skimming mini dresses. This black wool shearling and lambskin trim cropped Saint Laurent jacket features a hood a classic collar epaulettes on the shoulders a double breasted front fastening a raw uneven hemline a cropped length silver-tone engraved buttons and elongated long sleeves with oversized turn up cuffs.,color:1000 NOIR,styleid:488137Y191R,imglink:https://cdn-images.farfetch-contents.com/12/40/93/67/12409367_11456909_322.jpg
id:12514341,daddy:data/femalefashioncsv.csv,name:Saint Laurent distressed fitted jeans,brand:Saint Laurent,price:HK$5550,description:With a legacy built on luxurious hedonism Parisian fashion house Saint Laurent exudes the seditious spirit of the times through classic tailored silhouettes which exude the grit and glamour of punk rock. Saint Laurent epitomises a rock'n'roll edge to tailored pieces with an opulent and intricate focus upon embroidered details. These blue cotton distressed fitted jeans are a staple piece from the collection and feature a top button a five pocket design a distressed detail a regular length a slim fit and a waistband with belt loops.,color:4970 USED DARK BLUE,styleid:500464YB862,imglink:https://cdn-images.farfetch-contents.com/12/51/43/41/12514341_11782804_322.jpg
id:12540711,daddy:data/femalefashioncsv.csv,name:Saint Laurent scoop neck tank top ,brand:Saint Laurent,price:HK$4490,description:Fabricated in Italy Saint Laurent's lightweight silk tank top is an understated basic guaranteed to see you through the summer. Designed with warm days in mind this soft black Saint Laurent top features a scoop neckline thin shoulder straps a straight fit and a curved hemline.,color:1000,styleid:488986Y100W,imglink:https://cdn-images.farfetch-contents.com/12/54/07/11/12540711_11879945_322.jpg
id:12520418,daddy:data/femalefashioncsv.csv,name:Saint Laurent asymmetric denim shorts,brand:Saint Laurent,price:HK$5290,description:Founded in 1961 by innovative designer Yves Saint Laurent French luxury fashion house Saint Laurent fuses expert craftsmanship with the label’s signature rock ‘n’ roll flair. These black cotton asymmetric denim shorts from Saint Laurent feature a button fly fastening an asymmetric waistband with belt loops a five pocket design frayed edges and an embroidered logo to the front.,color:1220,styleid:488621Y805L,imglink:https://cdn-images.farfetch-contents.com/12/52/04/18/12520418_11825267_322.jpg
id:12526718,daddy:data/femalefashioncsv.csv,name:Saint Laurent LouLou 95 cross strap sandals,brand:Saint Laurent,price:HK$4950,description:Founded in 1961 by innovative designer Yves Saint Laurent French luxury fashion house Saint Laurent fuses expert craftsmanship with the label’s signature rock ‘n’ roll flair. Crafted in Italy from sleek patent leather and leather these elegant LouLou 95 sandals feature an open toe crossover straps to the front a branded insole and a high heel embellished with a logo.,color:1000,styleid:472032D6CVV,imglink:https://cdn-images.farfetch-contents.com/12/52/67/18/12526718_11842576_322.jpg
id:12326848,daddy:data/femalefashioncsv.csv,name:Saint Laurent oversized embroidered shirt,brand:Saint Laurent,price:HK$6290,description:Luxury French fashion house Saint Laurent founded by Yves Saint Laurent is renowned for its chic effortless glamour as showcased by this blue oversized embroidered shirt from the brand's new collection. Constructed from fine cotton this stylish piece features long sleeves a button fastening an embroidered logo to the front distressed effects and a front pocket.,color:4068 BLUE,styleid:480473Y880L,imglink:https://cdn-images.farfetch-contents.com/12/32/68/48/12326848_11006357_322.jpg
id:12187653,daddy:data/femalefashioncsv.csv,name:Saint Laurent Signature Court Classic SL/01 Lips sneakers,brand:Saint Laurent,price:HK$3570,description:Eternal cool kids Saint Laurent have reworked their cult Court Classic sneakers to feature red and blue snakeskin appliqué lips at the heel counter. Cut in a flattering low top silhouette these Italian-made Signature Court Classic SL/01 Lips sneakers feature a lace-up front fastening with silver laces logo branding at the tongue and insole and a comfortable flat rubber sole. This item fits large please select half a size down.,color:6547 ROUGE/BLUE,styleid:484928EXV60,imglink:https://cdn-images.farfetch-contents.com/12/18/76/53/12187653_11921141_322.jpg
id:12444154,daddy:data/femalefashioncsv.csv,name:Saint Laurent crystal embellished one shoulder top,brand:Saint Laurent,price:HK$95000,description:Cutting a striking silhouette this catwalk piece from Saint Laurent's AW17 pre-collection has been designed with an abundance of lustrous crystal embellishments. Harnessing creative director Anthony Vaccarello's eighties-inspired silhouettes this one shoulder Saint Laurent top features a structured shoulder a single long sleeve a full lining and a straight hem.,color:1000,styleid:486437Y525R,imglink:https://cdn-images.farfetch-contents.com/12/44/41/54/12444154_11556180_322.jpg
id:12304023,daddy:data/femalefashioncsv.csv,name:Saint Laurent platform pumps,brand:Saint Laurent,price:HK$6265,description:Founded in 1961 by innovative designer Yves Saint Laurent French fashion house Saint Laurent fuses expert craftsmanship with the label's signature rock n' roll flair. These black platform pumps are new to the brand's AW17 collection and are ideal for making a statement at parties and evening occasions. Expertly crafted in Italy from leather and velvet they feature a high heel a platform sole an open toe a branded insole and a tie fastening.,color:1000 BLACK,styleid:484768GVO00,imglink:https://cdn-images.farfetch-contents.com/12/30/40/23/12304023_10840005_322.jpg
id:12146582,daddy:data/femalefashioncsv.csv,name:Saint Laurent long sleeve scarf blouse,brand:Saint Laurent,price:HK$11500,description:This white neck tie blouse from Givenchy perfectly encapsulates the label's effortlessly sleek aesthetic. Impeccably crafted in Italy this white long sleeve blouse from Givenchy's AW17 pre-collection is finished with a concealed side button fastening and straight hemline.,color:9935 WHITE,styleid:481577Y100W,imglink:https://cdn-images.farfetch-contents.com/12/14/65/82/12146582_10135957_322.jpg
id:12313156,daddy:data/femalefashioncsv.csv,name:Saint Laurent Lou Lou knitted jumper ,brand:Saint Laurent,price:HK$9550,description:Saint Laurent's LouLou collection was inspired by founder Yves Saint Laurent's friend fashion designer and muse Loulou de la Falaise. This sumptuously soft wool knit from Saint Laurent's AW17 collection which features a contrasting white LouLou intarsia knit across the chest is detailed with a crew neckline long sleeves a ribbed hem and cuffs and a slim fit.,color:4145 BLUE,styleid:480569YA2KN,imglink:https://cdn-images.farfetch-contents.com/12/31/31/56/12313156_11567781_322.jpg
id:12439527,daddy:data/femalefashioncsv.csv,name:Saint Laurent sablé crystal edge plunge mini dress,brand:Saint Laurent,price:HK$29900,description:Taking cues from tailored 1980s decadence this silk sable dress from Saint Laurent features a round neck which can be worn as a plunge style accented with crystal embellishments and finished with a concealed front fastening. Offsetting the mini length the design features structured shoulders long sleeves and chunky round buttons to the cuffs. This item is true to fit.,color:1000 NOIR,styleid:482960Y012W,imglink:https://cdn-images.farfetch-contents.com/12/43/95/27/12439527_11441718_322.jpg
id:12413450,daddy:data/femalefashioncsv.csv,name:Saint Laurent metallic ruched mini skirt ,brand:Saint Laurent,price:HK$23000,description:Saint Laurent epitomises a rock'n'roll edge to tailored pieces with an opulent and intricate focus upon embroidered details. This silver-toned silk  metallic ruched mini skirt is a statement piece this AW17 and features a front zip fastening a metallic sheen a short length a fitted silhouette and a ruched design.,color:8106 ARGENT,styleid:491327Y010R,imglink:https://cdn-images.farfetch-contents.com/12/41/34/50/12413450_11318338_322.jpg
id:12130872,daddy:data/femalefashioncsv.csv,name:Saint Laurent logo patch shirt,brand:Saint Laurent,price:HK$6290,description:Saint Laurent epitomises a rock'n'roll edge to classic essentials and tailored pieces. This khaki green cotton logo patch shirt features a classic collar a button down collar long sleeves two chest pockets a gold-toned and black chest logo patch and fitted cuffs.,color:3253 KAKI,styleid:469088Y880M,imglink:https://cdn-images.farfetch-contents.com/12/13/08/72/12130872_10579315_322.jpg
id:12517785,daddy:data/femalefashioncsv.csv,name:,brand:Gucci,price:HK$18800,description:The GG Marmont bucket bag has a softly structured shape and Double G hardware inspired by an archival design. The small shape is enhanced by the Sylvie Web detachable shoulder strap. Made in soft matelassé chevron quilted leather. Black chevron leather. Sylvie Web strap. Antique gold-toned hardware. Double G. Interior open and phone pocket. Adjustable shoulder strap with 8.5" drop. Detachable shoulder strap with 19.5" drop. 8"W x 8.5"H x 4"D. Microfiber lining with a suede-like finish. Made in Italy.,color:8975,styleid:476674D8GET,imglink:https://cdn-images.farfetch-contents.com/12/51/77/85/12517785_11817959_322.jpg