id:11570080,daddy:data/kidsfashioncsv.csv,name:DOLCE & GABBANA KIDS flower and butterfly print dress,brand:Dolce & Gabbana Kids,price:HK$2754,description:,color:HW231,styleid:L23D09FPM9Z,imglink:https://cdn-images.farfetch-contents.com/11/57/00/80/11570080_8036824_322.jpg
id:12405828,daddy:data/kidsfashioncsv.csv,name:IL GUFO  dress with frill accents,brand:Il Gufo,price:HK$638,description:Carefully handmade in Italy brand Il Gufo specialises in elegant and timeless clothing constructed from the finest of materials. Made in Italy this pink dress with frill accents features a round neck long sleeves and a back button fastening.,color:352,styleid:A17VL253M0041,imglink:https://cdn-images.farfetch-contents.com/12/40/58/28/12405828_11323022_322.jpg
id:12395768,daddy:data/kidsfashioncsv.csv,name:IL GUFO  star print bow dress,brand:Il Gufo,price:HK$831,description:Stella McCartney Kids collection captures the essence of a child's endless imagination using punchy prints on a quirky colour palette. This grey star print bow dress features a round neck long sleeves a flared style a back zip fastening and a central sewn-on bow with gathered detail.,color:Grigio/latte,styleid:A17VL240M5027,imglink:https://cdn-images.farfetch-contents.com/12/39/57/68/12395768_11272343_322.jpg
id:12406706,daddy:data/kidsfashioncsv.csv,name:IL GUFO  striped frill dress set,brand:Il Gufo,price:HK$652,description:Carefully handmade in Italy brand Il Gufo specialises in elegant and timeless clothing constructed from the finest of materials. This grey striped frill dress set features a dress with a round neck long sleeves a back zip fastening and a frill trim and leggings with a regular length.,color:1007,styleid:A17DP226M1062,imglink:https://cdn-images.farfetch-contents.com/12/40/67/06/12406706_11301207_322.jpg
id:12252559,daddy:data/kidsfashioncsv.csv,name:GUCCI KIDS  bow trim dress,brand:Gucci Kids,price:HK$1900,description:Gucci’s playful spirit and unparalleled Italian craftsmanship translates perfectly into the iconic label’s kidswear range. This grey cotton bow trim dress features a round neck short sleeves a concealed rear zip fastening an empire line silhouette a gathered design a full shape skirt and a striped bow trim to the neckline and waist topped with a bow.,color:1046,styleid:478384X9A79,imglink:https://cdn-images.farfetch-contents.com/12/25/25/59/12252559_10658703_322.jpg
id:12155729,daddy:data/kidsfashioncsv.csv,name:BURBERRY KIDS  check collar dress,brand:Burberry Kids,price:HK$1186,description:Burberry Kids’ collection stays true to its British heritage with designs fusing the line between classic and funky. This grey cotton check collar dress features a pink Peter Pan collar a back button fastening short sleeves front welt pockets and a straight hem.,color:03500 GREY,styleid:4055983,imglink:https://cdn-images.farfetch-contents.com/12/15/57/29/12155729_10201601_322.jpg
id:12155730,daddy:data/kidsfashioncsv.csv,name:BURBERRY KIDS  peter pan collar checked blouse,brand:Burberry Kids,price:HK$1186,description:Burberry Kids’ collection stays true to its British heritage with designs fusing the line between classic and funky. This ice pink cotton peter pan collar checked blouse features long sleeves a back button fastening a curved hem and gathered details at the shoulder.,color:Ice pink,styleid:4052863,imglink:https://cdn-images.farfetch-contents.com/12/15/57/30/12155730_10201604_322.jpg
id:12141534,daddy:data/kidsfashioncsv.csv,name:BURBERRY KIDS  checkered blouse,brand:Burberry Kids,price:HK$697,description:Multicolored cotton checkered blouse from Burberry Kids featuring a round neck long sleeves button cuffs a back button fastening a straight hem and ruffle details at the front. Please note the print may differ slightly from the item pictured.,color:2720C NEW CLASSIC CHECK,styleid:40520092720,imglink:https://cdn-images.farfetch-contents.com/12/14/15/34/12141534_10135126_322.jpg
id:11291170,daddy:data/kidsfashioncsv.csv,name:BURBERRY KIDS  checked T-shirt dress,brand:Burberry Kids,price:HK$983,description:White and multicolour cotton checked T-shirt dress  from BURBERRY KIDS.,color:2720C NEW CLASSIC CHECK,styleid:3998083,imglink:https://cdn-images.farfetch-contents.com/11/29/11/70/11291170_6837889_322.jpg
id:12451120,daddy:data/kidsfashioncsv.csv,name:ARMANI JUNIOR  Peter Pan collar dress,brand:Armani Junior,price:HK$1451,description:Armani Junior combines timeless colours with sleek tailoring creating luxurious easy-going looks. Case in point: this white cotton-blend dress defined by a sweet Peter Pan collar and a pleated metallic skirt. Featuring long sleeves and a rear zip fastening this truly pretty piece is punctuated with a heart-shaped logo plaque - the label’s signature.,color:1154,styleid:6YEA073NDKZ,imglink:https://cdn-images.farfetch-contents.com/12/45/11/20/12451120_11483845_322.jpg
id:12420113,daddy:data/kidsfashioncsv.csv,name:ARMANI JUNIOR  glitter quilted swan sweatshirt,brand:Armani Junior,price:HK$1219,description:Armani Junior combines timeless colours with sleek tailoring creating luxurious easy-going looks. Crafted from fuchsia pink cotton blend this swan printed sweatshirt features a crew neck a concealed rear zip fastening long sleeves elasticated cuffs a straight hem an elasticated hem a diamond quilted finish and glitter details.,color:1408,styleid:6YEA033JDEZ,imglink:https://cdn-images.farfetch-contents.com/12/42/01/13/12420113_11355496_322.jpg
id:12256697,daddy:data/kidsfashioncsv.csv,name:ARMANI JUNIOR logo sweatshirt,brand:Armani Junior,price:HK$745,description:Navy cotton blend logo sweatshirt  from Armani Junior featuring a round neck long sleeves and a silver-tone logo plaque.,color:15K5,styleid:6Y3M133J16Z,imglink:https://cdn-images.farfetch-contents.com/12/25/66/97/12256697_10590027_322.jpg
id:12166697,daddy:data/kidsfashioncsv.csv,name:ARMANI JUNIOR teen logo sweatshirt,brand:Armani Junior,price:HK$931,description:With the same sensibilities of the adult lines of Armani the Armani Junior line has something for every occasion echoing the brand ethos of classic Italian styling. Black wool and cotton blend teen logo sweatshirt from Armani Junior featuring a ribbed crew neck long sleeves a front centre logo stamp and a ribbed hem and cuffs.,color:1200 BLACK,styleid:6Y4M504M00Z,imglink:https://cdn-images.farfetch-contents.com/12/16/66/97/12166697_10269460_322.jpg
id:12324449,daddy:data/kidsfashioncsv.csv,name:MSGM KIDS  polka dot lurex dress,brand:Msgm Kids,price:HK$922,description:With their graphic and irreverent twists on traditional Italian design MSGM return with this polka dot lurex dress featuring a ribbed crew neck long sleeves a ribbed hem and cuffs a straight fit a polka dot pattern and a metallic sheen. This item is true to fit.,color:122 ARGENTO,styleid:011495122ARGENTO,imglink:https://cdn-images.farfetch-contents.com/12/32/44/49/12324449_11395144_322.jpg
id:12430460,daddy:data/kidsfashioncsv.csv,name:FENDI KIDS  logo printed dress,brand:Fendi Kids,price:HK$1916,description:Known for vibrant colours and distinctly whimsical prints the Fendi Kids collection oozes spontaneity with a side of elegance. White and silver cotton logo printed dress from Fendi Kids featuring a round neck long sleeves a peplum hem a printed logo to the front and two multicolored flower embellishments with conical studs to the front.,color:F0QA0,styleid:JFB1407AJ,imglink:https://cdn-images.farfetch-contents.com/12/43/04/60/12430460_11430648_322.jpg
id:12391929,daddy:data/kidsfashioncsv.csv,name:BURBERRY KIDS  checked long sleeve dress,brand:Burberry Kids,price:HK$1277,description:Burberry Kids’ collection stays true to its British heritage with designs fusing the line between classic and funky. This black white and grey cotton checked long sleeve dress features a classic collar a front button placket front flap pockets long sleeves button cuffs a straight fit and a curved hemline.,color:1030B NATURAL WHITE,styleid:40579181006,imglink:https://cdn-images.farfetch-contents.com/12/39/19/29/12391929_11262267_322.jpg
id:12403060,daddy:data/kidsfashioncsv.csv,name:KENZO KIDS logo print sweatshirt dress,brand:Kenzo Kids,price:HK$582,description:Cool kids will love the new Kenzo Kids’ collection. Expect lively prints and signature vibrant-hued dresses T-shirts and sweats. This melange grey black white and pink cotton blend logo print sweatshirt dress features a ribbed round neck long length raglan sleeves a printed logo to the front a straight fit and a ribbed hem and cuffs.,color:20,styleid:KK3007820K,imglink:https://cdn-images.farfetch-contents.com/12/40/30/60/12403060_11275534_322.jpg
id:12489708,daddy:data/kidsfashioncsv.csv,name:GUCCI KIDS buttoned cardigan,brand:Gucci Kids,price:HK$2350,description:Loved for its lavish Italian styling Gucci Kids is the go-to label for the next fashion-forward generation. Crafted in Italy from red wool this buttoned cardigan  features a ribbed v-neck a front button fastening long sleeves a ribbed hem and cuffs a stripe detail on the cuffs and hem and a cable knit detail on the chest.,color:6149 RED,styleid:478573X9B26,imglink:https://cdn-images.farfetch-contents.com/12/48/97/08/12489708_11713861_322.jpg
id:12239589,daddy:data/kidsfashioncsv.csv,name:GUCCI KIDS embroidered bomber jacket,brand:Gucci Kids,price:HK$14450,description:Loved for its lavish Italian aesthetic Gucci Kids is the go-top label for the next fashion-forward generation. Red virgin wool floral embroidered bomber jacket from Gucci Kids featuring a ribbed collar long sleeves embroidered details and a ribbed hem and cuffs.,color:6539,styleid:472252ZB376,imglink:https://cdn-images.farfetch-contents.com/12/23/95/89/12239589_10525555_322.jpg
id:12488598,daddy:data/kidsfashioncsv.csv,name:GUCCI KIDS embroidered tiger boots,brand:Gucci Kids,price:HK$3300,description:Gucci’s playful spirit and unparalleled Italian craftsmanship translates perfectly into the iconic label’s kidswear range. These navy suede embroidered tiger boots from Gucci Kids feature a round toe a lace-up front fastening a shearling lining a pull tab at the rear a signature blue and red Web detail and a rubber sole.,color:4067,styleid:483617C8H20,imglink:https://cdn-images.farfetch-contents.com/12/48/85/98/12488598_11642460_322.jpg
id:12488595,daddy:data/kidsfashioncsv.csv,name:GUCCI KIDS lace-up boots,brand:Gucci Kids,price:HK$4190,description:Loved for its lavish Italian styling Gucci Kids is the go-to label for the next fashion-forward generation. These black and white calf leather lace-up boots feature a signature green and red Web detail a side zip fastening a round toe a chunky low block heel and an embroidered star.,color:1065,styleid:477513CPW60,imglink:https://cdn-images.farfetch-contents.com/12/48/85/95/12488595_11642451_322.jpg
id:12488456,daddy:data/kidsfashioncsv.csv,name:GUCCI KIDS embroidered bee hooded jacket,brand:Gucci Kids,price:HK$10650,description:Gucci’s playful spirit and unparalleled Italian craftsmanship translates perfectly into the iconic label’s kidswear range. This khaki feather down embroidered bee hooded jacket from Gucci Kids features a hood a concealed zip fastening a front button fastening long sleeves a ribbed hem and cuffs a signature blue and red Web detail two chest pockets and two front pockets.,color:3033,styleid:474904XBB15,imglink:https://cdn-images.farfetch-contents.com/12/48/84/56/12488456_11641584_322.jpg
id:12452759,daddy:data/kidsfashioncsv.csv,name:GUCCI KIDS classic chinos,brand:Gucci Kids,price:HK$2400,description:Loved for its lavish Italian styling Gucci Kids is the go-top label for the next fashion-forward generation. These navy stretch cotton classic chinos from Gucci Kids feature a waistband with belt loops a button and zip fly two front pockets and a rear pocket.,color:4275,styleid:475408XBB56,imglink:https://cdn-images.farfetch-contents.com/12/45/27/59/12452759_11516088_322.jpg
id:12444014,daddy:data/kidsfashioncsv.csv,name:GUCCI KIDS Jordaan metallic loafers,brand:Gucci Kids,price:HK$3400,description:Loved for its lavish Italian styling Gucci Kids is the go-to label for the next fashion-forward generation. Case in point: these Jordaan loafers crafted in Italy from metallic pink leather and decorated with the house’s signature Horsebit detail. Set on a rubber sole and fitted with the brand embossed insole even the checked lining is perfectly chic. At once edgy and refined it's the perfect addition to your little one's lineup.,color:6910,styleid:484908BMP00,imglink:https://cdn-images.farfetch-contents.com/12/44/40/14/12444014_11502277_322.jpg
id:12437407,daddy:data/kidsfashioncsv.csv,name:GUCCI KIDS GG embossed sneakers,brand:Gucci Kids,price:HK$2650,description:Loved for its lavish Italian styling Gucci Kids is the go-to label for the next fashion-forward generation. These Sylvie embossed sneakers feature a round toe a touch strap fastening a brand embossed insole a flat rubber sole Sylvie Web red and green stripes on the sides a metallic counter heel and an embossed double GG pattern.,color:6566,styleid:455447DF720,imglink:https://cdn-images.farfetch-contents.com/12/43/74/07/12437407_11407493_322.jpg
id:12436348,daddy:data/kidsfashioncsv.csv,name:GUCCI KIDS Baby merino Web cardigan sweater,brand:Gucci Kids,price:HK$1750,description:Camel merino with green and red Web detail at the sleeve cuffs. Button front. 100% merino. Made in Italy.,color:2518 Beige,styleid:418777X1284,imglink:https://cdn-images.farfetch-contents.com/12/43/63/48/12436348_11386171_322.jpg
id:12432911,daddy:data/kidsfashioncsv.csv,name:GUCCI KIDS Toddler ballet flats with Web,brand:Gucci Kids,price:HK$2100,description:Black patent leather. Green and red Web. High rubber sole. Adjustable touch-strap hook-and-loop strap closure. Made in Italy.,color:1060 BLACK,styleid:477532ALU10,imglink:https://cdn-images.farfetch-contents.com/12/43/29/11/12432911_11387441_322.jpg
id:12432901,daddy:data/kidsfashioncsv.csv,name:GUCCI KIDS Children's slip-on sneakers with Web,brand:Gucci Kids,price:HK$2500,description:Black leather. Red leather detail at the heel. Green and red Web elastic. Rubber sole. Slip-on. Made in Italy.,color:1064 BLACK,styleid:477540CPWW0,imglink:https://cdn-images.farfetch-contents.com/12/43/29/01/12432901_11383300_322.jpg
id:12432891,daddy:data/kidsfashioncsv.csv,name:GUCCI KIDS Children's polo with dragon,brand:Gucci Kids,price:HK$1950,description:Dark blue stretch cotton piquet. Embroidered dragon appliqué along the collar. Short sleeves. Mother of pearl buttons. 96% cotton and 4% elastane. Made in Italy.,color:4355 BLUE,styleid:475711X5U29,imglink:https://cdn-images.farfetch-contents.com/12/43/28/91/12432891_11381184_322.jpg
id:12318735,daddy:data/kidsfashioncsv.csv,name:MOCHINO KIDS printed sweatshirt,brand:Dkny Kids,price:HK$709,description:Blue dazed kids New York print sweatshirt from DKNY Kids featuring a round neck and long sleeves.,color:BLUE,styleid:D35N43865,imglink:https://cdn-images.farfetch-contents.com/12/31/87/35/12318735_10857267_322.jpg
id:12309352,daddy:data/kidsfashioncsv.csv,name:MOCHINO KIDS printed tracksuit,brand:Moschino Kids,price:HK$1259,description:Black printed tracksuit from Moschino Kids featuring a jacket with a hood a front zip fastening long sleeves a ribbed hem and cuffs and sweatpants with a ribbed waistband and gathered ankles.,color:81991,styleid:HDK00ULCB0281991,imglink:https://cdn-images.farfetch-contents.com/12/30/93/52/12309352_10814589_322.jpg
id:12529346,daddy:data/kidsfashioncsv.csv,name:MOCHINO KIDS printed teddy sweatshirt,brand:Moschino Kids,price:HK$448,description:Pop-inspired logo-loving Moschino Kids' collection is a playful mix of Italian chic and tongue-poking mischief. This yellow grey and white cotton blend printed teddy sweatshirt from Moschino Kids features a ribbed round neck long sleeves a straight hem and a print to the front.,color:50951,styleid:HUM01OLBA05,imglink:https://cdn-images.farfetch-contents.com/12/52/93/46/12529346_11844494_322.jpg
id:12494929,daddy:data/kidsfashioncsv.csv,name:MOCHINO KIDS touch strap branded sneakers,brand:Moschino Kids,price:HK$2160,description:Pop-inspired logo-loving Moschino Kids' collection is a playful mix of Italian chic and tongue-poking mischief. A unique combination of pretty and playful these girly sneakers from Moschino Kids are essentials to your little fashionista's wardrobe. Crafted from leather in Italy and graciously detailed with a round toe a touch strap fastening and a white rubber sole the pink sneakers were gorgeously embellished with a logo patch at the tongue a branded outsole and glitter details.,color:PINK,styleid:201154826054,imglink:https://cdn-images.farfetch-contents.com/12/49/49/29/12494929_11669422_322.jpg
id:12473901,daddy:data/kidsfashioncsv.csv,name:MOCHINO KIDS Teddy Bear print zip hoodie,brand:Moschino Kids,price:HK$631,description:Red cotton blend Teddy Bear print zip hoodie from Moschino Kids.,color:82147 POPPY,styleid:MXF00QLDB00,imglink:https://cdn-images.farfetch-contents.com/12/47/39/01/12473901_11611143_322.jpg
id:12473898,daddy:data/kidsfashioncsv.csv,name:MOCHINO KIDS Teddy Bear print track pants,brand:Moschino Kids,price:HK$392,description:Red cotton blend Teddy Bear print track pants from Moschino Kids.,color:82147 POPPY,styleid:MUP01XLDB00,imglink:https://cdn-images.farfetch-contents.com/12/47/38/98/12473898_11611126_322.jpg
id:11495945,daddy:data/kidsfashioncsv.csv,name:MOCHINO KIDS logo print trousers,brand:Moschino Kids,price:HK$768,description:Pop-inspired logo-loving Moschino Kids' collection is a playful mix of New York street and Italian. This black red and white heart logo print trousers from MOSCHINO KIDS features belt loops a button and zip fly and a slim fit.,color:60100,styleid:HAP00YE024T,imglink:https://cdn-images.farfetch-contents.com/11/49/59/45/11495945_7135632_322.jpg
id:12314271,daddy:data/kidsfashioncsv.csv,name:MOCHINO KIDS reversible padded jacket,brand:Save The Duck Kids,price:HK$1361,description:Blue and beige reversible padded jacket from Save The Duck Kids.,color:00009,styleid:J3354GMATT5,imglink:https://cdn-images.farfetch-contents.com/12/31/42/71/12314271_10891180_322.jpg
id:12246694,daddy:data/kidsfashioncsv.csv,name:MOCHINO KIDS teddy bear print sweatshirt,brand:Moschino Kids,price:HK$621,description:White cotton-blend teddy bear print sweatshirt from Moschino Kids featuring a crew neck and long sleeves.,color:50349,styleid:MPM01LLBA06,imglink:https://cdn-images.farfetch-contents.com/12/24/66/94/12246694_10575148_322.jpg
id:12409557,daddy:data/kidsfashioncsv.csv,name:MOCHINO KIDS logo print romper,brand:Moschino Kids,price:HK$1108,description:Pop-inspired logo-loving Moschino Kids’ collection is a playful mix of Italian chic and tongue-poking mischief. Equal parts cosy and cute this off-white cotton romper features long sleeves a Peter Pan collar a snap button closure and a multicoloured Moschino logo to the chest.,color:10063,styleid:MMT00XLAA07,imglink:https://cdn-images.farfetch-contents.com/12/40/95/57/12409557_11278480_322.jpg
id:12472323,daddy:data/kidsfashioncsv.csv,name:MOCHINO KIDS bears T-shirt & sweatpants set,brand:Knot,price:HK$214,description:Light blue cotton blend Little Bear T-shirt from Knot featuring long sleeves and  button fastenings at the shoulder.,color:031-azul claro,styleid:TL52ND2111,imglink:https://cdn-images.farfetch-contents.com/12/47/23/23/12472323_11701867_322.jpg
id:12387927,daddy:data/kidsfashioncsv.csv,name:MOCHINO KIDS teddy bear present print tracksuit,brand:Moschino Kids,price:HK$631,description:Pop-inspired logo-loving Moschino Kids' collection is a playful mix of Italian chic and tongue-poking mischief. This white and poppy red  cotton teddy bear present print tracksuit features a top with a ribbed round neck a side button fastening long sleeves a print to the front and a straight hem. The tracksuit bottoms feature an elasticated waistband a pull-on style a regular length and elasticated cuffs.,color:50109 POPPY RED,styleid:MNK013LAA06,imglink:https://cdn-images.farfetch-contents.com/12/38/79/27/12387927_11209178_322.jpg
id:12382582,daddy:data/kidsfashioncsv.csv,name:MOCHINO KIDS bee print T-shirt,brand:Gucci Kids,price:HK$1050,description:Pink cotton bee print T-shirt  from Gucci Kids.,color:5083,styleid:478345X3G69,imglink:https://cdn-images.farfetch-contents.com/12/38/25/82/12382582_11178380_322.jpg
id:12303485,daddy:data/kidsfashioncsv.csv,name:MOCHINO KIDS embroidered polo shirt,brand:Moncler Kids,price:HK$1650,description:Dark grey cotton logo embroidered polo shirt from Moncler Kids featuring a front button fastening a straight hem side slits a contrasting ribbed classic polo collar contrasting short sleeves and two embroidered logo motifs to the front and left sleeve.,color:988 CHARCOAL,styleid:830790584632,imglink:https://cdn-images.farfetch-contents.com/12/30/34/85/12303485_10855867_322.jpg
id:12408953,daddy:data/kidsfashioncsv.csv,name:MOCHINO KIDS knitted Teddy tracksuit,brand:Gucci Kids,price:HK$2850,description:Green and yellow wool knitted Teddy tracksuit from Gucci Kids.,color:3475,styleid:455034X1419,imglink:https://cdn-images.farfetch-contents.com/12/40/89/53/12408953_11322051_322.jpg
id:12399014,daddy:data/kidsfashioncsv.csv,name:MOCHINO KIDS reversible hooded jacket,brand:Gucci Kids,price:HK$7050,description:Alessandro Michele joined Gucci as Creative Director in 2015 and has brought a new direction to the luxury house with his cult accessories and whimsical ready-to-wear collections. This emerald green reversible hooded jacket from Gucci Kids features a hood a front zip fastening two front pockets long sleeves is reversible ribbed cuffs with signature blue and red details and an interlocking GG logo print all over.,color:3034,styleid:474905XBB16,imglink:https://cdn-images.farfetch-contents.com/12/39/90/14/12399014_11368238_322.jpg
id:12547745,daddy:data/kidsfashioncsv.csv,name:FENDI KIDS robot motif jacket,brand:Fendi Kids,price:HK$3041,description:The latest collection from Fendi Kids showcases punchy prints textured trims and a quirky colour palette your little one is bound to love. This pink jacket features a funnel neck a front zip fastening a detachable hood long sleeves and a robot motif at the chest.,color:F0QD10,styleid:JFH0364AA,imglink:https://cdn-images.farfetch-contents.com/12/54/77/45/12547745_11899391_322.jpg
id:12540728,daddy:data/kidsfashioncsv.csv,name:FENDI KIDS pom pom print dress,brand:Fendi Kids,price:HK$1900,description:Known for vibrant colours and distinctly whimsical prints the Fendi Kids collection oozes spontaneity with a side of elegance. This pink cotton pom pom print dress from Fendi Kids features a crew neck 100% UVA and UVB protection short sleeves and a signature print.,color:F0BTZ,styleid:JFB1577AJ,imglink:https://cdn-images.farfetch-contents.com/12/54/07/28/12540728_11894873_322.jpg
id:12540727,daddy:data/kidsfashioncsv.csv,name:FENDI KIDS printed frill dress,brand:Fendi Kids,price:HK$5100,description:Known for vibrant colours and distinctly whimsical prints the Fendi Kids collection oozes spontaneity with a side of elegance. This pink cotton  printed frill dress from Fendi Kids features a collar style long sleeves and layers of frills.,color:F0B8Y,styleid:JFB151A16Q,imglink:https://cdn-images.farfetch-contents.com/12/54/07/27/12540727_11894870_322.jpg
id:12530269,daddy:data/kidsfashioncsv.csv,name:FENDI KIDS classic two-piece suit,brand:Fendi Kids,price:HK$7000,description:Known for vibrant colours and distinctly whimsical prints the Fendi Kids collection oozes spontaneity with a side of elegance. Crafted in Italy from blue wool blend this two-piece suit features a blazer with classic two-piece suit from Fendi Kids featuring classic lapels a front button fastening long sleeves button cuffs and patch pockets as well as trousers with a button and zip fly a regular length and a logo embroidered chest pocket.,color:F0LQ0 BLU,styleid:JMW021A19J,imglink:https://cdn-images.farfetch-contents.com/12/53/02/69/12530269_11823390_322.jpg
id:12423123,daddy:data/kidsfashioncsv.csv,name:FENDI KIDS Teen logo T-shirt,brand:Fendi Kids,price:HK$695,description:Known for vibrant colours and distinctly whimsical prints the Fendi Kids collection oozes spontaneity with a side of elegance. This white cotton Teen logo T-shirt from Fendi Kids features a round neck short sleeves and a straight hem.,color:F0QA0,styleid:JFI0827AJ,imglink:https://cdn-images.farfetch-contents.com/12/42/31/23/12423123_11390747_322.jpg
id:12530264,daddy:data/kidsfashioncsv.csv,name:FENDI KIDS Teen Fendi football sweatshirt,brand:Fendi Kids,price:HK$1900,description:The Fendi Teen assortment uses motifs seen throughout the brand's entire offering such as the Fendi monster. This navy sweatshirt features a Fendi football monster graphic on the chest.,color:F0QA2,styleid:JMH0618RA,imglink:https://cdn-images.farfetch-contents.com/12/53/02/64/12530264_11826084_322.jpg
id:12530263,daddy:data/kidsfashioncsv.csv,name:FENDI KIDS contrast T-shirt,brand:Fendi Kids,price:HK$2300,description:The latest collection from Fendi Kids showcases punchy prints textured trims and a quirky colour palette with sports inspired motifs and detailing.  This cotton T-shirt has a crew neck and a contrast multicoloured brand logo on the front. It features contrasting blue and white striped sleeves and back.,color:F0UE0,styleid:JMI160A193,imglink:https://cdn-images.farfetch-contents.com/12/53/02/63/12530263_11826081_322.jpg
id:12530262,daddy:data/kidsfashioncsv.csv,name:FENDI KIDS Teen frill detail jeans,brand:Fendi Kids,price:HK$2100,description:Known for its daring approach the Fendi ostentatious design aesthetic extends to all the brand's offerings including kidswear. These blue cotton jeans feature a five pocket design belt loops and are defined by a denim ruffed trim at the back.,color:F0QA2,styleid:JFF087A19S,imglink:https://cdn-images.farfetch-contents.com/12/53/02/62/12530262_11826077_322.jpg
id:12523848,daddy:data/kidsfashioncsv.csv,name:FENDI KIDS Bad Bugs jumper,brand:Fendi Kids,price:HK$1469,description:Karl Lagerfeld creates playful emblematic children's ready to wear for Fendi Kids. Expect to see Breton stripes pop art inspired designs and of course the mischievous Fendi Kids cat motif. This yellow virgin wool Bad Bugs jumper from Fendi Kids features a ribbed round neck long sleeves a ribbed hem and cuffs and an intarsia knit.,color:F0QF1 GIALLO,styleid:JMG0298SH,imglink:https://cdn-images.farfetch-contents.com/12/52/38/48/12523848_11839210_322.jpg
id:12499041,daddy:data/kidsfashioncsv.csv,name:FENDI KIDS patch slip-on sneakers,brand:Fendi Kids,price:HK$2900,description:Known for vibrant colours and distinctly whimsical prints the Fendi Kids collection oozes spontaneity with a side of elegance. Produced in red and navy blue these patch slip-on sneakers feature a round toe a slip-on style a contrasting heel counter a pull tab at the rear a color blocked design a flat sole and multicolored patch appliqués to the front.,color:F0ZB1,styleid:JFR182A1ER,imglink:https://cdn-images.farfetch-contents.com/12/49/90/41/12499041_11680382_322.jpg
id:12498470,daddy:data/kidsfashioncsv.csv,name:FENDI KIDS cheer Fendi T-shirt,brand:Fendi Kids,price:HK$1200,description:Known for vibrant colours and distinctly whimsical prints the Fendi Kids collection oozes spontaneity with a side of elegance. This red cotton cheer Fendi T-shirt features a round neck and short sleeves.,color:F0BV4,styleid:JMI1657AJ,imglink:https://cdn-images.farfetch-contents.com/12/49/84/70/12498470_11677681_322.jpg
id:12495200,daddy:data/kidsfashioncsv.csv,name:FENDI KIDS cherry print trousers,brand:Fendi Kids,price:HK$1100,description:The latest collection from Fendi Kids showcases punchy prints textured trims and a quirky colour palette your little one is bound to love. These pink stretch cotton cherry print trousers feature an elasticated waistband and ruffled cuffs.,color:F0UA3,styleid:BFF082A1ES,imglink:https://cdn-images.farfetch-contents.com/12/49/52/00/12495200_11677175_322.jpg
id:12473287,daddy:data/kidsfashioncsv.csv,name:FENDI KIDS flags beanie,brand:Fendi Kids,price:HK$600,description:Karl Lagerfeld creates playful emblematic children's ready to wear for Fendi Kids. Expect to see Breton stripes pop art inspired designs and of course the mischievous Fendi Kids cat motif. This grey stretch cotton flags beanie from Fendi Kids features a stretch fit and an embroidered design.,color:F0HA1,styleid:BMP0208RA,imglink:https://cdn-images.farfetch-contents.com/12/47/32/87/12473287_11675161_322.jpg
id:12473216,daddy:data/kidsfashioncsv.csv,name:FENDI KIDS Monster striped button-down shirt,brand:Fendi Kids,price:HK$1246,description:Known for vibrant colours and distinctly whimsical prints the Fendi Kids collection oozes spontaneity with a side of elegance. Blue denim Monster striped button-down shirt from Fendi Kids featuring a classic collar a front button placket long sleeves button cuffs vertical stripes and a straight hem.,color:F0QA2 BLU,styleid:JMC0431M9,imglink:https://cdn-images.farfetch-contents.com/12/47/32/16/12473216_11611026_322.jpg
id:12405738,daddy:data/kidsfashioncsv.csv,name:IL GUFO  knitted pom-pom dress,brand:Il Gufo,price:HK$785,description:Carefully handmade in Italy brand Il Gufo specialises in elegant and timeless clothing constructed from the finest of materials. Fun and cozy in equal parts this lovely dress is crafted in delicate wool and embellished with coloured pom-poms. It features a relaxed fit a ribbed crew neck long sleeves and a ribbed hem and cuffs.,color:0769,styleid:A17VT064EM220,imglink:https://cdn-images.farfetch-contents.com/12/40/57/38/12405738_11386421_322.jpg
id:12376336,daddy:data/kidsfashioncsv.csv,name:STELLA MCCARTNEY KIDS  dress with star tulle overlay,brand:Stella Mccartney Kids,price:HK$432,description:Stella McCartney Kids collection captures the essence of a child's endless imagination using punchy prints on a quirky colour palette. For a fashionable party look Stella McCartney kids presents this brown and black cotton dress with star tulle overlay featuring a round neck and long sleeves.,color:1073,styleid:471539SJK30,imglink:https://cdn-images.farfetch-contents.com/12/37/63/36/12376336_11162151_322.jpg
id:12294391,daddy:data/kidsfashioncsv.csv,name:STELLA MCCARTNEY KIDS  knit sweater dress,brand:Stella Mccartney Kids,price:HK$895,description:Stella McCartney Kids collection captures the essence of a child's endless imagination using punchy prints on a quirky colour palette. Playful and pretty in equal parts and crafted from pure wool this striped dress is the perfect addition to your little fashionista's wardrobe. It features a sweater silhouette a crew neck and long sleeves.,color:1461 THUNDER,styleid:468389SJM24,imglink:https://cdn-images.farfetch-contents.com/12/29/43/91/12294391_11651640_322.jpg
id:12493873,daddy:data/kidsfashioncsv.csv,name:MI MI SOL  long chunky knit dress,brand:Mi Mi Sol,price:HK$1130,description:Red wool long chunky knit dress from MI MI SOL featuring a round neck short sleeves a long length a pleated design and contrasting hem.,color:0253,styleid:MGAB1780001QM064,imglink:https://cdn-images.farfetch-contents.com/12/49/38/73/12493873_11664881_322.jpg
id:12290456,daddy:data/kidsfashioncsv.csv,name:KENZO KIDS Eye patch dress,brand:Kenzo Kids,price:HK$659,description:Cool kids will love the new Kenzo Kids’ collection. Expect lively prints and signature vibrant-hued dresses T-shirts and sweats. This marl grey and pink cotton blend Eye patch dress features a ribbed round neck long sleeves and a pleated skirt.,color:23 GREY,styleid:KK30128,imglink:https://cdn-images.farfetch-contents.com/12/29/04/56/12290456_10740425_322.jpg
id:12279765,daddy:data/kidsfashioncsv.csv,name:Nº21 KIDS  hooded printed dress,brand:Nº21 Kids,price:HK$959,description:Grey cotton blend hooded printed dress from Nº21 KIDS featuring a hood with drawstring tie fastenings a printed logo to the front a printed logo to the rear long sleeves and a peplum hem.,color:00403,styleid:K4363536,imglink:https://cdn-images.farfetch-contents.com/12/27/97/65/12279765_10715303_322.jpg
id:12344671,daddy:data/kidsfashioncsv.csv,name:STELLA MCCARTNEY KIDS  embroidered casual dress,brand:Stella Mccartney Kids,price:HK$396,description:Grey cotton embroidered casual dress  from Stella McCartney Kids.,color:1461,styleid:468915SJJ76,imglink:https://cdn-images.farfetch-contents.com/12/34/46/71/12344671_10995518_322.jpg
id:12506921,daddy:data/kidsfashioncsv.csv,name:PHILIPP PLEIN JUNIOR  Avery Lily jogging dress,brand:Philipp Plein Junior,price:HK$1629,description:Characterized by the spirit of Rock’n’roll Philipp Plein makes unforgettable clothing for stylish youngsters. Crafted in Italy from grey cotton blend the Avery Lily jogging dress features a ribbed crew neck long sleeves a ribbed hem and cuffs rhinestone embellishments a printed logo to the front and a short length.,color:grey,styleid:A17CGJG0013PJO002N1048,imglink:https://cdn-images.farfetch-contents.com/12/50/69/21/12506921_11739599_322.jpg
id:12244735,daddy:data/kidsfashioncsv.csv,name:TUTU DU MONDE Sunset Glow tutu dress,brand:Tutu Du Monde,price:HK$1153,description:Peppermint green cotton Sunset Glow tutu dress from Tutu Du Monde featuring a  fully embellished bodice with beaming bow scene ruffle tulle capped sleeves and 5 layered skirt. Dual size product. Stretch bodice.,color:Peppermint,styleid:TDM2144,imglink:https://cdn-images.farfetch-contents.com/12/24/47/35/12244735_10717032_322.jpg
id:12381231,daddy:data/kidsfashioncsv.csv,name:TUTU DU MONDE Angel Tears tutu dress,brand:Tutu Du Monde,price:HK$1013,description:Blood red cotton Angel Tears tutu dress from Tutu Du Monde features adjustable straps and a gruesome but gorgeous embellished bodice with a layered high low skirt for added drama.,color:BLOOD,styleid:TDM3165,imglink:https://cdn-images.farfetch-contents.com/12/38/12/31/12381231_11238094_322.jpg
id:12381108,daddy:data/kidsfashioncsv.csv,name:TUTU DU MONDE Black Bird tutu dress,brand:Tutu Du Monde,price:HK$1278,description:Take to the skies in this enchanting and exquisite midnight blue cotton Black Bird tutu dress from Tutu Du Monde featuring an angled multi layered skirt and heavily embellished stretch cotton tank bodice with intricate beading and feathers.,color:NIGHT SKY,styleid:TDM3051,imglink:https://cdn-images.farfetch-contents.com/12/38/11/08/12381108_11238060_322.jpg
id:12309018,daddy:data/kidsfashioncsv.csv,name:BANG BANG COPENHAGEN Bird Girl dress,brand:Bang Bang Copenhagen,price:HK$665,description:Black stretch cotton Bird Girl dress  from Bang Bang Copenhagen.,color:NAVY/IVORY,styleid:AW17BIRDGIRL,imglink:https://cdn-images.farfetch-contents.com/12/30/90/18/12309018_10969777_322.jpg
id:12340589,daddy:data/kidsfashioncsv.csv,name:YOUNG VERSACE  bow detail printed dress,brand:Young Versace,price:HK$2411,description:Blue cotton blend bow detail printed dress from YOUNG VERSACE featuring a round neck a sleeveless design and a concealed rear zip fastening.,color:Y3108,styleid:YVFAB359YFE04,imglink:https://cdn-images.farfetch-contents.com/12/34/05/89/12340589_10956659_322.jpg
id:12311987,daddy:data/kidsfashioncsv.csv,name:MONNALISA  bouquet print flared dress,brand:Monnalisa,price:HK$1806,description:Pink bouquet print flared dress from Monnalisa.,color:6667,styleid:1109190627,imglink:https://cdn-images.farfetch-contents.com/12/31/19/87/12311987_10817866_322.jpg
id:12487773,daddy:data/kidsfashioncsv.csv,name:SIMONETTA  velvet embroidered dress,brand:Simonetta,price:HK$2531,description:Black and multicolour velvet embroidered dress from Simonetta featuring a round neck a concealed rear zip fastening long sleeves elasticated cuffs a shift silhouette a straight hem a full lining and an embroidered woodland scene across the front.,color:930,styleid:1H1340HA200,imglink:https://cdn-images.farfetch-contents.com/12/48/77/73/12487773_11629749_322.jpg
id:12229675,daddy:data/kidsfashioncsv.csv,name:STELLA MCCARTNEY KIDS  swans print T-shirt,brand:Stella Mccartney Kids,price:HK$286,description:Dark grey cotton Swan print T-shirt from Stella McCartney Kids featuring a round neck short sleeves a straight hem and a multicolored swan printed logo to the front.,color:1074,styleid:471669SJJG6,imglink:https://cdn-images.farfetch-contents.com/12/22/96/75/12229675_10562169_322.jpg
id:12309097,daddy:data/kidsfashioncsv.csv,name:BANG BANG COPENHAGEN  Sevilla dress,brand:Bang Bang Copenhagen,price:HK$486,description:Black and pink Sevilla dress from Bang Bang Copenhagen.,color:BLACK/PINK,styleid:SEVILLA,imglink:https://cdn-images.farfetch-contents.com/12/30/90/97/12309097_10924564_322.jpg
id:11570080,daddy:data/kidsfashioncsv.csv,name:DOLCE & GABBANA KIDS  Jacquard blazer,brand:Dolce & Gabbana Kids,price:HK$2754,description:,color:HW231,styleid:L23D09FPM9Z,imglink:https://cdn-images.farfetch-contents.com/11/57/00/80/11570080_8036824_322.jpg
id:12224364,daddy:data/kidsfashioncsv.csv,name:PAUL SMITH JUNIOR  classic chinos,brand:Paul Smith Junior,price:HK$1016,description:Burgundy cotton classic chinos from Paul Smith Junior featuring a waistband with belt loops a front button fastening side pockets and back pockets.,color:39 BURGUNDY,styleid:5K2250239,imglink:https://cdn-images.farfetch-contents.com/12/22/43/64/12224364_10562722_322.jpg
id:12471308,daddy:data/kidsfashioncsv.csv,name:BURBERRY KIDS  Pocket Full of Sunshine shirt,brand:Burberry Kids,price:HK$1118,description:Burberry Kids’ collection stays true to its British heritage with designs fusing the line between classic and funky. This white cotton  Pocket Full of Sunshine shirt from Burberry Kids featuring a button down collar a front button fastening long sleeves and appliqué detailing.,color:WHITE,styleid:40580071000,imglink:https://cdn-images.farfetch-contents.com/12/47/13/08/12471308_11586332_322.jpg
id:12396592,daddy:data/kidsfashioncsv.csv,name:OSCAR DE LA RENTA KIDS  Holiday plaid blazer,brand:Oscar De La Renta Kids,price:HK$2658,description:The Oscar de la Renta kids collection exhibits luxury and timelessness while incorporating a playful spirit. This cozy and elegant Holiday plaid blazer features notched lapels a front button fastening front pockets long sleeves elbow patches and button cuffs.,color:RED,styleid:FF4C810,imglink:https://cdn-images.farfetch-contents.com/12/39/65/92/12396592_11280580_322.jpg
id:12299103,daddy:data/kidsfashioncsv.csv,name:MONCLER KIDS  padded jacket,brand:Moncler Kids,price:HK$6500,description:Black goose down padded jacket from Moncler Kids.,color:999,styleid:418520568950,imglink:https://cdn-images.farfetch-contents.com/12/29/91/03/12299103_10783860_322.jpg
id:12485217,daddy:data/kidsfashioncsv.csv,name:KENZO KIDS  jeans with logo turn up cuffs,brand:Kenzo Kids,price:HK$718,description:Cool kids will love the new Kenzo Kids’ collection. Expect lively prints and signature vibrant-hued dresses T-shirts and sweats. These blue cotton blend jeans with logo turn up cuffs from Kenzo Kids features belt loops a five pocket design and contrast top stitching.,color:461,styleid:KK22508,imglink:https://cdn-images.farfetch-contents.com/12/48/52/17/12485217_11629954_322.jpg
id:12489648,daddy:data/kidsfashioncsv.csv,name:FENDI KIDS  Angry Eyes shirt,brand:Fendi Kids,price:HK$1034,description:Known for vibrant colours and distinctly whimsical prints the Fendi Kids collection oozes spontaneity with a side of elegance. Crafted from grey and white cotton this Angry Eyes shirt features a classic collar a front button fastening long sleeves button cuffs a broad welt chest pocket a straight hem a striped print and an Angry Eyes patch on the front pocket.,color:F0QZ1,styleid:JMC0478SK,imglink:https://cdn-images.farfetch-contents.com/12/48/96/48/12489648_11709308_322.jpg
id:12364144,daddy:data/kidsfashioncsv.csv,name:FENDI KIDS  light bulb monster print shirt,brand:Fendi Kids,price:HK$1455,description:Known for vibrant colours and distinctly whimsical prints the Fendi Kids collection oozes spontaneity with a side of elegance. This celeste blue cotton light bulb monster print shirt features a round neck a pointed collar long sleeves button cuffs and a light bulb monster print.,color:CELESTE,styleid:JMC0441PH,imglink:https://cdn-images.farfetch-contents.com/12/36/41/44/12364144_11124786_322.jpg
id:12344670,daddy:data/kidsfashioncsv.csv,name:STELLA MCCARTNEY KIDS  checked hooded jacket,brand:Stella Mccartney Kids,price:HK$934,description:Red wool blend  checked hooded jacket  from Stella McCartney Kids.,color:6262,styleid:471521SJK26,imglink:https://cdn-images.farfetch-contents.com/12/34/46/70/12344670_10995515_322.jpg
id:12294948,daddy:data/kidsfashioncsv.csv,name:PAUL SMITH JUNIOR  striped cardigan,brand:Paul Smith Junior,price:HK$910,description:Multicolour cashmere and cotton blend striped cardigan  from Paul Smith Junior.,color:92,styleid:5K1855192,imglink:https://cdn-images.farfetch-contents.com/12/29/49/48/12294948_10735341_322.jpg
id:12391637,daddy:data/kidsfashioncsv.csv,name:LITTLE MARC JACOBS guitarist print T-shirt,brand:Little Marc Jacobs,price:HK$373,description:Always colourful and fashionable Little Marc Jacobs dedicates a stylish contemporary collection to our little ones. Crafted from red cotton this T-shirt is presented with a colourful front print. The item also features a crew neck long sleeves and a straight hem.,color:997,styleid:W25273,imglink:https://cdn-images.farfetch-contents.com/12/39/16/37/12391637_11279144_322.jpg
id:12312964,daddy:data/kidsfashioncsv.csv,name:MARCELO BURLON COUNTY OF MILAN KIDS  Lagunas Bravas T-shirt,brand:Marcelo Burlon County Of Milan Kids,price:HK$542,description:Marcelo Burlon County Of Milan Kids is perfect for fans of the mini-me styling as it draws inspiration from it adult range. With its ultra slick animal prints and streetwear silhouettes your kid will be the coolest in the playground. This black and red cotton Lagunas Bravas T-shirt features a round neck and short sleeves.,color:B010,styleid:11140011,imglink:https://cdn-images.farfetch-contents.com/12/31/29/64/12312964_10948071_322.jpg
id:12488601,daddy:data/kidsfashioncsv.csv,name:COMME DES GARÇONS PLAY KIDS  logo plaque T-shirt,brand:Comme Des Garçons Play Kids,price:HK$460,description:Explore relaxed silhouettes enhanced with colourful motifs in the latest edit from Comme Des Garcons Play. This black cotton embroidered logo plaque T-shirt features a ribbed round neck short sleeves a regular length and a straight hem.,color:1,styleid:AZT563100,imglink:https://cdn-images.farfetch-contents.com/12/48/86/01/12488601_11642469_322.jpg
id:12540103,daddy:data/kidsfashioncsv.csv,name:PHILIPP PLEIN JUNIOR  skull embroidered T-shirt,brand:Philipp Plein Junior,price:HK$1485,description:Characterized by the spirit of Rock’n’roll Philipp Plein makes unforgettable clothing for stylish youngsters. Equal parts cool and elegant this stylish t-shirt is crafted from cotton and is flawlessly detailed with a skull print with embroidered patches a round neck short sleeves and a silver-tone logo plaque to the rear.,color:0213 BLACK RED,styleid:BTK0182PJY002N,imglink:https://cdn-images.farfetch-contents.com/12/54/01/03/12540103_11866142_322.jpg
id:11635138,daddy:data/kidsfashioncsv.csv,name:STELLA MCCARTNEY KIDS  Bandit sweatshirt,brand:Stella Mccartney Kids,price:HK$440,description:Stella McCartney Kid’s collection captures the essence of a child's endless imagination using punchy prints on a quirky colour palette. This black cotton blend Bandit sweatshirt features a front zip fastening side zipped pockets long sleeves a straight hem an all-over skeleton print and a printed mask on the hood.,color:1073,styleid:422214SHJ30,imglink:https://cdn-images.farfetch-contents.com/11/63/51/38/11635138_7604301_322.jpg
id:11628643,daddy:data/kidsfashioncsv.csv,name:STELLA MCCARTNEY KIDS  bones print track pants,brand:Stella Mccartney Kids,price:HK$308,description:Stella McCartney Kid’s collection captures the essence of a child's endless imagination using punchy prints on a quirky colour palette. These black cotton bones print track pants feature an elasticated drawstring waist and elasticated cuffs.,color:1073,styleid:381721SFJ29,imglink:https://cdn-images.farfetch-contents.com/11/62/86/43/11628643_7595841_322.jpg
id:12172535,daddy:data/kidsfashioncsv.csv,name:RASPBERRY PLUM  patch Prince top,brand:Raspberry Plum,price:HK$521,description:Black cotton patch Prince top from RASPBERRY PLUM.,color:BLACK,styleid:TB1AW17,imglink:https://cdn-images.farfetch-contents.com/12/17/25/35/12172535_10900642_322.jpg
id:12321870,daddy:data/kidsfashioncsv.csv,name:#MUMOFSIX  cat print top,brand:Gucci Kids,price:HK$2750,description:Dark blue and white merino wool. Leopard intarsia inspired by the men's ready-to-wear collection. Crewneck. Rib trims. 100% wool. Made in Italy.,color:4821 Light Blue,styleid:475584X1492,imglink:https://cdn-images.farfetch-contents.com/12/32/18/70/12321870_10854980_322.jpg
id:12309277,daddy:data/kidsfashioncsv.csv,name:MSGM KIDS  stripe detail trousers,brand:Msgm Kids,price:HK$511,description:Black and red stripe detail trousers from MSGM Kids.,color:110 NERO,styleid:010780,imglink:https://cdn-images.farfetch-contents.com/12/30/92/77/12309277_10970843_322.jpg
id:12418557,daddy:data/kidsfashioncsv.csv,name:EMILE ET IDA  Peace & Love T-shirt,brand:Emile Et Ida,price:HK$320,description:Ochre yellow cotton Peace & Love T-shirt from Emile et Ida featuring a round neck long sleeves a straight hem and a Peace & Love print to the front.,color:OCRE LUOP,styleid:L556A,imglink:https://cdn-images.farfetch-contents.com/12/41/85/57/12418557_11334724_322.jpg
id:12476089,daddy:data/kidsfashioncsv.csv,name:LANVIN PETITE  spider print longsleeved T-shirt,brand:Lanvin Petite,price:HK$1208,description:Grey cotton spider print longsleeved T-shirt from LANVIN PETITE.,color:905,styleid:4H8100HF030905,imglink:https://cdn-images.farfetch-contents.com/12/47/60/89/12476089_11650063_322.jpg
id:12117119,daddy:data/kidsfashioncsv.csv,name:AMELIA MILANO  Alain jumper,brand:Amelia Milano,price:HK$895,description:Green wool Alain jumper from Amelia Milano.,color:GREEN,styleid:ALAINMR49,imglink:https://cdn-images.farfetch-contents.com/12/11/71/19/12117119_10546489_322.jpg
id:12416081,daddy:data/kidsfashioncsv.csv,name:MINI RODINI dog print longsleeved T-shirt,brand:Mini Rodini,price:HK$313,description:Off white and red organic cotton dog print longsleeved T-shirt from MINI RODINI.,color:116/122 OFF WHITE,styleid:1772013411,imglink:https://cdn-images.farfetch-contents.com/12/41/60/81/12416081_11334671_322.jpg
id:12321870,daddy:data/kidsfashioncsv.csv,name:,brand:Gucci Kids,price:HK$2750,description:Dark blue and white merino wool. Leopard intarsia inspired by the men's ready-to-wear collection. Crewneck. Rib trims. 100% wool. Made in Italy.,color:4821 Light Blue,styleid:475584X1492,imglink:https://cdn-images.farfetch-contents.com/12/32/18/70/12321870_10854980_322.jpg