id:12469769,daddy:data/luxurybagscsv.csv,name:SALVATORE FERRAGAMO  Gancio bar clutch,brand:Salvatore Ferragamo,price:HK$5475,description:The definition of Italian luxury Salvatore Ferragamo prides itself on a seamless blend of high-quality materials impeccable craftsmanship and a timeless design vision. Renowned for their sumptuous leather accessories the fashion house continues to reinvent and evolve classic pieces such as the foldover clutch. Made in Italy from textured leather this piece boasts the label's signature Gancio flip-lock fastening gold-tone hardware and ample interior space.,color:054 lipstick,style:677577,imglink:https://cdn-images.farfetch-contents.com/12/46/97/69/12469769_11694290_322.jpg
id:12543643,daddy:data/luxurybagscsv.csv,name:LOEWE  small Hammock bag,brand:Loewe,price:HK$14768,description:Modern versatile multi-functional the Hammock it isn’t just a bag it is also a design piece. Crafted in Spain this chameleon bag can be worn in so many different ways: shoulder bag hand-held or even as a crossbody different shapes for different moments of day. Crafted in Spain from soft calf leather and boasting a color block design this small Hammock bag from Loewe features round top handles a detachable and adjustable shoulder strap an open top design a spacious main internal compartment an embossed anagram a front zip pocket and finished with folded zipped sides.,color:8880 STONE BLUE MULTI,style:38730TS35,imglink:https://cdn-images.farfetch-contents.com/12/54/36/43/12543643_11899774_322.jpg
id:12543642,daddy:data/luxurybagscsv.csv,name:LOEWE  Puzzle bag,brand:Loewe,price:HK$16764,description:Since taking the helm as creative director of Loewe Jonathan Anderson has created many iconic pieces for the brand. One of which is this Puzzle bag now a signature piece of the Spanish heritage brand reintroduced in variations season after season. A prime example of the craftsmanship behind the brand this Puzzle bag is designed in an innovative cuboid shape. Its voluminous body features interior compartments and a top zip closure for maximum utility and comes with a detachable shoulder strap and is finished with an embossed Loewe anagram.,color:9189 BLUSH MULTITONE,style:32261US20,imglink:https://cdn-images.farfetch-contents.com/12/54/36/42/12543642_11899769_322.jpg
id:12104717,daddy:data/luxurybagscsv.csv,name:LOEWE  Hammock bag,brand:Loewe,price:HK$22377,description:Modern versatile multi-functional the Hammock it isn’t just a bag it is also a design piece. Crafted in Spain this chameleon bag can be worn in so many different ways: shoulder bag hand-held or even as a cross body different shapes for different moments of day. This oxblood and red calf leather 'Hammock' bag from Loewe features an adjustable shoulder strap an open top design top handles folded zippered sides a front zip pocket gold-tone hardware and an embossed logo.,color:OXBLOOD/ROUGE,style:38730EN27,imglink:https://cdn-images.farfetch-contents.com/12/10/47/17/12104717_10280478_322.jpg
id:12499500,daddy:data/luxurybagscsv.csv,name:LOEWE  Hammock Camo bag,brand:Loewe,price:HK$19218,description:Modern versatile multi-functional the Hammock it isn’t just a bag it is also a design piece. Crafted in Spain this chameleon bag can be worn in so many different ways: shoulder bag hand-held or even as a crossbody different shapes for different moments of day. Crafted in Spain this Hammock Camo bag from Loewe features round top handles an open top design a detachable and adjustable shoulder strap an embroidered anagram a front zip pocket and is finished with folded zipped sides.,color:GREEN PRINT,style:31234S348878,imglink:https://cdn-images.farfetch-contents.com/12/49/95/00/12499500_11906227_322.jpg
id:12470077,daddy:data/luxurybagscsv.csv,name:LOEWE  large Barcelona bag,brand:Loewe,price:HK$23432,description:Crafted in Spain Loewe`s Barcelona bag has a sophisticated and distinctive style embellished with geometric details taken from the Loewe archives. The aesthetic and versatility mixed with the functional and classic envelope shape makes it perfect for every day every occasion. This black leather  large Barcelona bag from Loewe features an adjustable shoulder strap a foldover top gold-tone hardware two main compartments and a central slit pocket.,color:BLACK,style:30274M14,imglink:https://cdn-images.farfetch-contents.com/12/47/00/77/12470077_11599306_322.jpg
id:12142475,daddy:data/luxurybagscsv.csv,name:FENDI small By The Way tote,brand:Fendi,price:HK$12390,description:Established in 1925 the entrepreneurial house of Fendi credits its success to three main factors—creativity technology and craftsmanship (in the highest sense). These attributes come to life in Fendi's signature furs (completely transformed shaped redesigned and reinterpreted by Fendi) and in innovative shoes and handbags that establish a new philosophy and define a style archetype. This dark blue leather small By The Way tote from the brand features top handles a top zip closure a detachable and adjustable shoulder strap a front centre logo stamp an internal logo patch multicolored stud appliqués at the top and two interior compartments divided by a zipped partition.,color:F09QQ,style:8BL124SQA,imglink:https://cdn-images.farfetch-contents.com/12/14/24/75/12142475_10157000_322.jpg
id:12501862,daddy:data/luxurybagscsv.csv,name:FENDI 3Jours top handle bag,brand:Fendi,price:HK$19800,description:With over ninety years of design under the belt of the Roman maison a Fendi handbag is a staple of any discerning lover of minimalism punctuated with a blithe spirit. This blue calf leather and lambskin 3Jours top handle bag is a classic and versatile style from the Italian label featuring round top handles a top zip closure and a hanging luggage tag.,color:F07ML,style:8BH2795C3,imglink:https://cdn-images.farfetch-contents.com/12/50/18/62/12501862_11685655_322.jpg
id:12231587,daddy:data/luxurybagscsv.csv,name:FENDI 3Jours tote bag,brand:Fendi,price:HK$17200,description:Italian fashion house Fendi now with Karl Lagerfeld at its creative helm is famed for its covetable collectibles like this mini 3Jours tote bag defined by its minimal and architectural lines. Crafted in Italy from the smoothest army green calf leather this compact design features round top handles a hanging leather tag silver-tone hardware a top zip fastening a hanging leather tag and is finished with hand-painted multicoloured edging. Carry your mini 3Jours crossbody bag by the handles or opt for a more practical solution with its detachable and adjustable shoulder strap sporting it across the body on busy city days.,color:F0R9Z GREEN/PALLADIUM,style:8BH3335QT,imglink:https://cdn-images.farfetch-contents.com/12/23/15/87/12231587_10502702_322.jpg
id:12371710,daddy:data/luxurybagscsv.csv,name:BALENCIAGA  Classic City Tote M,brand:Balenciaga,price:HK$16300,description:Balenciaga was founded in Paris almost a century ago and has since been recognised for its exceptionally precise designs and graceful simplicity. This black lamb skin medium Classic City tote bag is the ultimate day wear staple. The biker style piece feat,color:1000 BLACK,style:431621D94JT,imglink:https://cdn-images.farfetch-contents.com/12/37/17/10/12371710_11347446_322.jpg
id:12423323,daddy:data/luxurybagscsv.csv,name:BALENCIAGA  small Pink Leather City bag,brand:Balenciaga,price:HK$6440,description:Light pink leather Mini Pink Leather City cross body bag from Balenciaga featuring a detachable and adjustable shoulder strap a zip fastening a front zip compartment and signature studs and tassel details.,color:5850,style:488795D940T,imglink:https://cdn-images.farfetch-contents.com/12/42/33/23/12423323_11453110_322.jpg
id:12413293,daddy:data/luxurybagscsv.csv,name:GUCCI  Leather top handle bag with moth,brand:Gucci,price:HK$29900,description:Luxurious embellishments elevate Gucci’s leather top handle bag with moth to a profoundly prestigious rank amongst other bags. This brown leather accessory is accented with a mix of modern and vintage detailing. Originally designed for practicality the handbag features Moth in resin with mother of pearl effect an interior zipper pocket a bamboo handle leather shoulder strap and a detachable shoulder strap sprinkled with some of Gucci's signature appeal.,color:8944,style:4886910D51T,imglink:https://cdn-images.farfetch-contents.com/12/41/32/93/12413293_11470276_322.jpg
id:12086385,daddy:data/luxurybagscsv.csv,name:GUCCI  GG Marmont matelassé top handle bag,brand:Gucci,price:HK$24500,description:The medium GG Marmont top handle bag has a softly structured shape with hidden magnet closure and a smaller version of the Double G hardware. Made in matelassé leather with a cubic pattern and studs. Black matelassé leather with studs. Antique gold toned hardware. Double G. Five metal feetInterior center zip pocket and one open pocket. Double top handles with 4.5" drop. Detachable shoulder strap with 15.75" drop. Medium size: 13.75"W x 10"H x 6"D. Microfiber lining with a suede-like finish. Made in Italy.,color:1000 NOIR,style:443505DTD2T,imglink:https://cdn-images.farfetch-contents.com/12/08/63/85/12086385_9678466_322.jpg
id:12287721,daddy:data/luxurybagscsv.csv,name:PRADA  Trompe L'oeil shoulder bag,brand:Prada,price:HK$27939,description:Timeless yet innovative iconic Italian fashion house Prada balances uncompromised quality with a forward-thinking approach to design. This season the designer utilised a graphic Trompe L'oeil style as seen on this striking shoulder tote. Crafted in Italy from supple green silk velvet this piece is adorned with a red and gold cartoon-effect buckled print and a Prada logo. With a practical silhouette ideal for the girl on-the-go the piece also showcases a top handle a detachable and adjustable shoulder strap a foldover top and an internal zipped pocket.,color:F0002 NERO,style:1BA1342BLFVOCO,imglink:https://cdn-images.farfetch-contents.com/12/28/77/21/12287721_11314384_322.jpg
id:12270692,daddy:data/luxurybagscsv.csv,name:PRADA  Cahier Cartoon shoulder bag,brand:Prada,price:HK$21050,description:Founded by Mario Prada in 1913 his granddaughter Miuccia continues to produce the finest Milanese creations for a sartorial crowd that delights in the unusual. Expect to see intricately printed fabrics inspired by the current artistic sphere released into harmonious pieces routed in Italian atelier technique. Multicoloured velvet Cahier Cartoon shoulder bag by Prada featuring a trompe l'oeil print a fold-over top with magnetic closure a shoulder strap and gold-toned hardware.,color:F0002 BLACK,style:1BD0752BLFVKOO,imglink:https://cdn-images.farfetch-contents.com/12/27/06/92/12270692_11312610_322.jpg
id:12189658,daddy:data/luxurybagscsv.csv,name:PRADA  Cahier studded shoulder bag,brand:Prada,price:HK$14768,description:Founded in 1913 by Mario Prada the brand is known for producing timeless items with traditional Milanese craftsmanship. Expect to see outerwear with a utilitarian twist and vibrant accessories that have amassed a cult following. Black calf leather studded Etiquette shoulder bag by Prada featuring a fold-over top a main internal compartment a detachable and adjustable shoulder strap a front logo patch and a contrasting pale blue shoulder pad.,color:F0OK0 NERO ASTRALE,style:1BD082PEOVOBO,imglink:https://cdn-images.farfetch-contents.com/12/18/96/58/12189658_11299243_322.jpg
id:12269383,daddy:data/luxurybagscsv.csv,name:BOTTEGA VENETA  Beute loop tote,brand:Bottega Veneta,price:HK$27400,description:Black lamb skin Beute loop tote from Bottega Veneta.,color:1000,style:467094VO0AD,imglink:https://cdn-images.farfetch-contents.com/12/26/93/83/12269383_11797332_322.jpg
id:12175319,daddy:data/luxurybagscsv.csv,name:BOTTEGA VENETA  Paracute tote bag,brand:Bottega Veneta,price:HK$22800,description:Each intrecciato design is hand woven in the Bottega Veneta restored 18th century atelier. This classic black tote bag has a traditional shape and attaches onto two round top handles via silver tone loops. It has a relaxed slouchy shape and is lined with soft suede.,color:8175,style:222322V0016,imglink:https://cdn-images.farfetch-contents.com/12/17/53/19/12175319_11797392_322.jpg
id:12535600,daddy:data/luxurybagscsv.csv,name:TORY BURCH  Fleming small tote,brand:Tory Burch,price:HK$3952,description:Tory Burch excels in understated chic and succeeds in creating stylish pieces that transcend seasonal trends. Burch's style has been described as being the ultimate in easy understated chic and is associated with her signature T-logo medallion. This black leather Fleming small tote bag features two chain and leather straps gold-tone hardware a detachable and adjustable cross-body strap a diamond-stitched finish an interior zipped pocket a dividing zip fastened interior compartment a gold-tone brand signature to the front and a mini gold-tone double-T logo to the front corner.,color:001 BLACK,style:46164,imglink:https://cdn-images.farfetch-contents.com/12/53/56/00/12535600_11892320_322.jpg
id:12451343,daddy:data/luxurybagscsv.csv,name:TORY BURCH  block-T triple tote bag,brand:Tory Burch,price:HK$4311,description:Bordeaux  leather block-T triple tote bag from Tory Burch.,color:644,style:40472,imglink:https://cdn-images.farfetch-contents.com/12/45/13/43/12451343_11500153_322.jpg
id:12449943,daddy:data/luxurybagscsv.csv,name:TORY BURCH  triple-compartment tote bag,brand:Tory Burch,price:HK$4311,description:Tory Burch’s signature T-logo design was originally inspired by Moroccan architecture and interior designer David Hicks. With this black leather tote bag the graphic T-logo has become incorporated into the structural design of the bag with T-shaped stitching to the front and back where the seams meet. The bag from Tory Burch also features round top handles a removable shoulder strap a toggle fastening an interior zipped compartment no lining and a gold-tone brand signature to the front. Simple yet effective.,color:Black 009,style:40472,imglink:https://cdn-images.farfetch-contents.com/12/44/99/43/12449943_11527628_322.jpg
id:11823428,daddy:data/luxurybagscsv.csv,name:SAINT LAURENT Kate Monogram chain wallet,brand:Saint Laurent,price:HK$11900,description:Under the creative direction of newly appointed Anthony Vaccarello Saint Laurent’s SS17 collection continues to showcase the label’s coveted rock n’ roll aesthetic which remains underpinned with a sleek Parisian edge. This black calf leather Kate Monogram chain wallet from Saint Laurent features a chain shoulder strap gold-tone hardware a front logo plaque a hanging tassel a foldover top with magnetic closure an interior zipped compartment multiple interior card slots and an internal logo stamp.,color:1000 nero,style:452159C150J,imglink:https://cdn-images.farfetch-contents.com/11/82/34/28/11823428_8607819_322.jpg
id:12280517,daddy:data/luxurybagscsv.csv,name:SAINT LAURENT  Monogram Kate tassel chain wallet,brand:Saint Laurent,price:HK$11900,description:For AW17 Saint Laurent continues to adorn its luxury leather goods with the label’s iconic and instantly recognisable YSL logo plaque. Presented in smooth calf leather this Monogram Kate tassel chain wallet is the perfect accessory for day-to-night ensembles. Strung along a curb chain shoulder strap and accented with lustrous gold-tone hardware this compact Saint Laurent design features a hanging central tassel a magnetic front closure a single internal zipped compartment and multiple interior card slots.,color:4147 BLUE,style:452159C150J,imglink:https://cdn-images.farfetch-contents.com/12/28/05/17/12280517_10697522_322.jpg
id:12242445,daddy:data/luxurybagscsv.csv,name:SAINT LAURENT  Small Kate tassel satchel,brand:Saint Laurent,price:HK$8750,description:Luxury French fashion house Saint Laurent originally founded by Yves Saint Laurent is renowned for its creative vision and intricate designs when it comes to handbags. New to its AW17 collection is this stunning small Kate tassel satchel. Constructed from Italian leather metallic fibre and metal the bag is ideal for a range of formal occasions. It features a gold-tone logo plaque a gold-tone chain shoulder strap a foldover top with push-lock closure an internal zipped pocket multiple interior compartments a gold-tone tassel feature and an all-over metallic design.,color:1039 BLACK GOLD,style:452159D9N1W,imglink:https://cdn-images.farfetch-contents.com/12/24/24/45/12242445_10562680_322.jpg
id:12548455,daddy:data/luxurybagscsv.csv,name:SAINT LAURENT  toy Sac de Jour tote,brand:Saint Laurent,price:HK$19500,description:With a legacy built on luxurious hedonism Parisian fashion house Saint Laurent exudes the seditious spirit of the times through classic tailored silhouettes and leatherwares. Redrafting the iconic Sac de Jour bag in miniature this micro Sac de Jour bag takes a rectangular tote silhouette realised in pebbled nude leather topped with two round leather handles a hanging padlock fob a hanging branded logo plaque and a detachable and adjustable leather shoulder strap. The open-top design features accordion sides and a spacious main internal compartment finished with an internal logo stamp and an interior zipped compartment.,color:9906,style:477477DTI0E,imglink:https://cdn-images.farfetch-contents.com/12/54/84/55/12548455_11892078_322.jpg
id:12296545,daddy:data/luxurybagscsv.csv,name:SAINT LAURENT  Baby Sac de Jour bag,brand:Saint Laurent,price:HK$19500,description:Saint Laurent is renowned for its luxurious accessory collection as showcased by this grey baby Sac de Jour bag new to the brand's AW17 haul. Expertly constructed in Italy from calf leather and metal the bag is ideal for a range of occasions and suits all sorts of styles and outfit choices. It features top handles a hanging key fob a detachable and adjustable shoulder strap an open top design an internal zipped pocket and an internal logo stamp.,color:1402,style:477477DTI0E,imglink:https://cdn-images.farfetch-contents.com/12/29/65/45/12296545_10823387_322.jpg
id:12040887,daddy:data/luxurybagscsv.csv,name:SAINT LAURENT  Monogram Olympia bag,brand:Saint Laurent,price:HK$8900,description:Saint Laurent epitomises a rock'n'roll edge to tailored pieces - fitted within a feminine silhouette. This leather Monogram Olympia bag features a top zip fastening a front logo plague fringed detailing and a cross body strap.,color:1000  BLACK,style:468537DZH06,imglink:https://cdn-images.farfetch-contents.com/12/04/08/87/12040887_9981773_322.jpg
id:12414010,daddy:data/luxurybagscsv.csv,name:LOEWE  Sling knit bag,brand:Loewe,price:HK$17873,description:Crafted in Spain Loewe's Barcelona bag has a sophisticated and distinctive style embellished with geometric details taken from the Loewe archives. The aesthetic and versatility mixed with the functional and classic envelope shape makes it perfect for every day every occasion. This multicolour calf leather and wool Barcelona knit bag from Loewe features an adjustable shoulder strap a foldover top gold-tone hardware an internal slip pocket an internal logo stamp and two internal compartments.,color:8860,style:32750M15,imglink:https://cdn-images.farfetch-contents.com/12/41/40/10/12414010_11368984_322.jpg
id:12381985,daddy:data/luxurybagscsv.csv,name:SALVATORE FERRAGAMO  front zip pocket tote,brand:Salvatore Ferragamo,price:HK$10750,description:A timeless bag defined by the label’s signature impeccable Italian craftsmanship Salvatore Ferragamo presents this front zip pocket tote for AW17. Crafted from classic black leather the piece features round top handles a main internal compartment an interior zipped compartment an internal logo plaque a front zip pocket a removable shoulder strap and several side compartments. A practical piece for the everyday this bag will serve you well for seasons to come.,color:001 BLACK,style:681292,imglink:https://cdn-images.farfetch-contents.com/12/38/19/85/12381985_11283314_322.jpg
id:12325978,daddy:data/luxurybagscsv.csv,name:VALENTINO  Valentino Garavani Demilune tote,brand:Valentino,price:HK$22518,description:This lusted-after black tote from Valentino perfectly blends Italian elegance with contemporary detailing. Crafted in quality leather this Demilune tote features a foldover top with flip-lock closure round top handles Rockstud embellishments an internal zipped pocket chain trimming and a shoulder strap.,color:0no,style:NW0B0A47MRU,imglink:https://cdn-images.farfetch-contents.com/12/32/59/78/12325978_10902982_322.jpg
id:12189071,daddy:data/luxurybagscsv.csv,name:ALEXANDER MCQUEEN Heroine medium textured-leather tote,brand:Alexander McQueen,price:HK$18269,description:Simplicity is key for the forthcoming season. Alexander McQueen's Heroine 30 tote is simple yet elegant style that versatile enough to fit your needs. Crafted from baby pink leather this tote bag features top handles a detachable and adjustable shoulder strap a hanging leather tag and a top zip fastening.,color:9900NEUTRALS,style:479877DX50M,imglink:https://cdn-images.farfetch-contents.com/12/18/90/71/12189071_10374745_322.jpg
id:11787678,daddy:data/luxurybagscsv.csv,name:DOLCE & GABBANA Lucia small printed textured-leather tote,brand:Dolce & Gabbana,price:HK$4480,description:These shiny silver-tone calf leather leather and cotton mirrored embellished sandals from Dolce & Gabbana are a stylish stand-out and the ultimate summer party shoe. Featuring an open toe with crystal detailing a brand embossed insole a delicate ankle strap with a decorative crystal side buckle fastening and a sturdy high block heel these mirrored embellished sandals will have you shimmering come sundown.,color:8D710 ARGENTO,style:CR0220AE702,imglink:https://cdn-images.farfetch-contents.com/11/78/76/78/11787678_9888383_322.jpg
id:12131817,daddy:data/luxurybagscsv.csv,name:GIVENCHY Infinity chain-trimmed leather shoulder bag,brand:Givenchy,price:HK$11599,description:Under the creative direction of Riccardo Tisci French luxury fashion label Givenchy is constantly releasing fresh and modern pieces each season. Accent your neutral shades this AW17 with this red shoulder bag fashioned from high quality Italian leather. Featuring a zip fastened interior compartment a silver-tone logo plaque a red and black shoulder strap and an internal zip pocket you'll really make a statement with this stunning accessory.,color:610,style:BB05253597,imglink:https://cdn-images.farfetch-contents.com/12/13/18/17/12131817_10305950_322.jpg
id:12214570,daddy:data/luxurybagscsv.csv,name:GIVENCHY Medium Pandora bag in washed-leather,brand:Givenchy,price:HK$14287,description:Originally launched in AW09 Givenchy’s iconic Pandora bag is considered one of the label’s most revered. Designed in a multitude of sizes this black leather version is large enough to house your everyday essentials with ease given a subtle twist of sedition with its gold-tone stud border. The softly structured rectangular body hangs from a detachable and adjustable shoulder strap and features silver-tone hardware a front zip pocket two top zip fastenings a full lining an internal zipped pocket and an internal logo plaque.,color:001 BLACK,style:BB05250479,imglink:https://cdn-images.farfetch-contents.com/12/21/45/70/12214570_10463820_322.jpg
id:12453961,daddy:data/luxurybagscsv.csv,name:GIVENCHY Medium Antigona bag in black leather,brand:Givenchy,price:HK$23338,description:Transcending 'It' status to become an undeniable classic in the handbag stakes Givenchy’s timeless Antigona tote is presented in versatile brown pebbled goatskin. Crafted by the French house's artisans in Italy this medium version features two round top handles a detachable shoulder strap a top zip closure and a single internal zipped pocket. Accented with silver-tone hardware this Antigona tote will add edge and elegance in equal measure to on and off-duty looks.,color:217 COGNAC,style:BB05118012,imglink:https://cdn-images.farfetch-contents.com/12/45/39/61/12453961_11537231_322.jpg
id:11790631,daddy:data/luxurybagscsv.csv,name:GIVENCHY Antigona medium textured-leather tote,brand:Givenchy,price:HK$23338,description:Givenchy’s Antigona collection is instantly recognisable thanks to its raised geometric logo plaque panel centred just beneath the top zip fastening. Presented in smooth black calf leather this medium-sized Antigona tote from Givenchy has been expertly crafted to the labels exacting standards. Fashioned with a top zip fastening and detachable shoulder strap this everyday style is detailed with a single internal zipped pocket a logo embossed internal plaque and a full fabric lining.,color:001,style:BB05118014,imglink:https://cdn-images.farfetch-contents.com/11/79/06/31/11790631_8561585_322.jpg
id:12056848,daddy:data/luxurybagscsv.csv,name:CHLOÉ Nile Bracelet small leather shoulder bag,brand:Chloé,price:HK$12676,description:Off-white leather Small Nile bracelet bag from Chloé featuring a foldover top with magnetic closure a main internal compartment a detachable and adjustable shoulder strap an internal slip pocket a front embossed logo stamp gold-tone hardware and a hinged O-ring bracelet cuff. Please note that this piece can be worn in different ways.,color:308 OFF WHITE,style:3S1301HEU,imglink:https://cdn-images.farfetch-contents.com/12/05/68/48/12056848_9637030_322.jpg
id:11458495,daddy:data/luxurybagscsv.csv,name:CHLOÉ Hudson small whipstitched suede shoulder bag,brand:Chloé,price:HK$13478,description:The Chloé collection is both effortless and glamorous. Striking a careful balance between the masculine and feminine with a hint of bohemian romanticism expect fringed details fluid silhouettes and mannish tailoring. Dark purple suede Small Hudson shoulder bag from Chloé featuring a foldover top with magnetic closure a front centre logo stamp stitching details a gold-tone stud detailing gold-tone hardware an adjustable shoulder strap and an internal slip pocket.,color:85C DARK PURPLE,style:3S1219H67,imglink:https://cdn-images.farfetch-contents.com/11/45/84/95/11458495_7229737_322.jpg
id:12276622,daddy:data/luxurybagscsv.csv,name:PRADA Metal Ribbon color-block leather shoulder bag,brand:Prada,price:HK$8040,description:The contemporary art inspired Prada has a deep enduring heritage that cements the brands legendary status. Founded in 1913 by Mario Prada the brand is known for producing timeless items with traditional Milanese craftsmanship. Expect to see outerwear with a utilitarian twist and vibrant accessories that have amassed a cult following. Taupe grey leather Metal ribbon shoulder bag by Prada featuring a chain strap an internal slip pocket an internal logo stamp rear logo plaque and a fold-over top with a slip ribbon closure.,color:F0D32 POMICE,style:1BH0662AIXVOKO,imglink:https://cdn-images.farfetch-contents.com/12/27/66/22/12276622_11312640_322.jpg
id:11916164,daddy:data/luxurybagscsv.csv,name:ALAÏA Appliquéd laser-cut leather tote,brand:Kenzo,price:HK$2721,description:Japanese designer Kenzo Takada launched Kenzo in Paris in 1970. Today under the creative direction of Opening Ceremony's Humberto Leon and Carol Lim the label is as popular as ever thanks to its refreshed aesthetic. This black cotton and leather laser cut tote is an everyday essential and features an internal zipped pocket top handles a snap button closure cut-out design and detachable zipped purse.,color:99 BLACK,style:F752SA602L23,imglink:https://cdn-images.farfetch-contents.com/11/91/61/64/11916164_9092682_322.jpg
id:11916164,daddy:data/luxurybagscsv.csv,name:ALAÏA Vienne large laser-cut leather tote,brand:Kenzo,price:HK$2721,description:Japanese designer Kenzo Takada launched Kenzo in Paris in 1970. Today under the creative direction of Opening Ceremony's Humberto Leon and Carol Lim the label is as popular as ever thanks to its refreshed aesthetic. This black cotton and leather laser cut tote is an everyday essential and features an internal zipped pocket top handles a snap button closure cut-out design and detachable zipped purse.,color:99 BLACK,style:F752SA602L23,imglink:https://cdn-images.farfetch-contents.com/11/91/61/64/11916164_9092682_322.jpg
id:11868053,daddy:data/luxurybagscsv.csv,name:CALVIN KLEIN Leather shoulder bag,brand:Uma | Raquel Davidowicz,price:HK$2650,description:Black leather shoulder bag from Uma | Raquel Davidowicz featuring an adjustable shoulder strap a zip fastening and internal pockets.,color:PRETO,style:BOLSAMEDELIN02AW17,imglink:https://cdn-images.farfetch-contents.com/11/86/80/53/11868053_8788179_322.jpg
id:12352990,daddy:data/luxurybagscsv.csv,name:CALVIN KLEIN Chain-trimmed leather shoulder bag,brand:Sacai,price:HK$9962,description:Blue suede Horseshoe leather shoulder bag from Sacai featuring a top handle a chain strap gold-tone hardware a front centre logo stamp a gold-tone stud detailing and fringed edges.,color:040 BLUE,style:S00502,imglink:https://cdn-images.farfetch-contents.com/12/35/29/90/12352990_11843468_322.jpg
id:12522396,daddy:data/luxurybagscsv.csv,name:BURBERRY Medium nylon backpack,brand:Prada,price:HK$7550,description:Prada is famous for classical Italian leather goods and ready to wear with a creative edge. Miuccia produces designs inspired by society for the sartorially selective. Black logo plaque nylon backpack featuring a fold over top with magnetic closure shoulder straps a top handle and front flap pockets.,color:F0002,style:1BZ032V44VOOO,imglink:https://cdn-images.farfetch-contents.com/12/52/23/96/12522396_11809402_322.jpg
id:11868053,daddy:data/luxurybagscsv.csv,name:LOEWE  Elephant minibag leather shoulder bag,brand:Uma | Raquel Davidowicz,price:HK$2650,description:Black leather shoulder bag from Uma | Raquel Davidowicz featuring an adjustable shoulder strap a zip fastening and internal pockets.,color:PRETO,style:BOLSAMEDELIN02AW17,imglink:https://cdn-images.farfetch-contents.com/11/86/80/53/11868053_8788179_322.jpg
id:11868053,daddy:data/luxurybagscsv.csv,name:LOEWE  Puzzle leather shoulder bag,brand:Uma | Raquel Davidowicz,price:HK$2650,description:Black leather shoulder bag from Uma | Raquel Davidowicz featuring an adjustable shoulder strap a zip fastening and internal pockets.,color:PRETO,style:BOLSAMEDELIN02AW17,imglink:https://cdn-images.farfetch-contents.com/11/86/80/53/11868053_8788179_322.jpg
id:12038024,daddy:data/luxurybagscsv.csv,name:LOEWE  Elephant star-detail minibag leather shoulder bag,brand:Red Valentino,price:HK$9115,description:Pink calf leather star detail shoulder bag from Red Valentino.,color:I32,style:MQ0B0676DNO,imglink:https://cdn-images.farfetch-contents.com/12/03/80/24/12038024_9708377_322.jpg
id:11868053,daddy:data/luxurybagscsv.csv,name:LOEWE  Puzzle Strawberry leather shoulder bag,brand:Uma | Raquel Davidowicz,price:HK$2650,description:Black leather shoulder bag from Uma | Raquel Davidowicz featuring an adjustable shoulder strap a zip fastening and internal pockets.,color:PRETO,style:BOLSAMEDELIN02AW17,imglink:https://cdn-images.farfetch-contents.com/11/86/80/53/11868053_8788179_322.jpg
id:11868053,daddy:data/luxurybagscsv.csv,name:LOEWE  Barcelona leather shoulder bag,brand:Uma | Raquel Davidowicz,price:HK$2650,description:Black leather shoulder bag from Uma | Raquel Davidowicz featuring an adjustable shoulder strap a zip fastening and internal pockets.,color:PRETO,style:BOLSAMEDELIN02AW17,imglink:https://cdn-images.farfetch-contents.com/11/86/80/53/11868053_8788179_322.jpg
id:12283870,daddy:data/luxurybagscsv.csv,name:FENDI Kan I embossed printed leather shoulder bag,brand:Fendi,price:HK$16200,description:Established back in 1925 Italian fashion house Fendi now with Karl Lagerfeld at its creative helm never ceases to amaze the world with its style elegance and impeccable sense of the 'right now'. This purple calf leather Kan I shoulder bag features an adjustable shoulder strap a foldover top with push-lock closure multiple interior compartments an internal slip pocket with internal logo patch tonal spike stud accents and a front embossed logo stamp.,color:F03D6,style:8M03813OA,imglink:https://cdn-images.farfetch-contents.com/12/28/38/70/12283870_10784679_322.jpg
id:12501747,daddy:data/luxurybagscsv.csv,name:FENDI Kan I mini leather shoulder bag,brand:Fendi,price:HK$15800,description:Technical construction is Fendi’s forte when it comes to leather goods. Championing the luxurious minimalism that makes their handbags a universal favourite the Italian brand are constantly pushing their own boundaries reimagining classics for the new season. This blue calf leather Kan I mini bag from Fendi features a top handle a chain shoulder strap a foldover top and silver-tone hardware.,color:F0V1A,style:8BT2862IH,imglink:https://cdn-images.farfetch-contents.com/12/50/17/47/12501747_11684666_322.jpg
id:12452810,daddy:data/luxurybagscsv.csv,name:FENDI By The Way mini appliquéd leather shoulder bag,brand:Alexander McQueen,price:HK$11482,description:White and multi-coloured leather  Box 16 mini embroidered leather shoulder bag from Alexander McQueen.,color:9155,style:491730DZQVM,imglink:https://cdn-images.farfetch-contents.com/12/45/28/10/12452810_11646679_322.jpg
id:12501747,daddy:data/luxurybagscsv.csv,name:FENDI Kan I mini leather shoulder bag ,brand:Fendi,price:HK$15800,description:Technical construction is Fendi’s forte when it comes to leather goods. Championing the luxurious minimalism that makes their handbags a universal favourite the Italian brand are constantly pushing their own boundaries reimagining classics for the new season. This blue calf leather Kan I mini bag from Fendi features a top handle a chain shoulder strap a foldover top and silver-tone hardware.,color:F0V1A,style:8BT2862IH,imglink:https://cdn-images.farfetch-contents.com/12/50/17/47/12501747_11684666_322.jpg
id:12140657,daddy:data/luxurybagscsv.csv,name:FENDI 2Jours small embellished leather tote,brand:Fendi,price:HK$14900,description:Established in 1925 the entrepreneurial house of Fendi credits its success to three main factors—creativity technology and craftsmanship (in the highest sense). These attributes come to life in Fendi's signature furs (completely transformed shaped redesigned and reinterpreted by Fendi) and in innovative shoes and handbags that establish a new philosophy and define a style archetype. This grey calf leather and metal small 2Jours tote from the brand features round top handles a top magnetic closure a detachable and adjustable shoulder strap a hanging leather tag purse feet and inlays and light blue conical stud embellishments at the front to create a Bag Bugs shape.,color:F064Y,style:8BH2539HF,imglink:https://cdn-images.farfetch-contents.com/12/14/06/57/12140657_10158055_322.jpg
id:12496822,daddy:data/luxurybagscsv.csv,name:FENDI Set of three leather pouches,brand:Fendi,price:HK$6900,description:BLACK Leather Black leather pouch with candy logo from Fendi.,color:BLACK,style:8M0363A13J,imglink:https://cdn-images.farfetch-contents.com/12/49/68/22/12496822_11736510_322.jpg
id:12452810,daddy:data/luxurybagscsv.csv,name:FENDI By The Way mini embellished leather shoulder bag,brand:Alexander McQueen,price:HK$11482,description:White and multi-coloured leather  Box 16 mini embroidered leather shoulder bag from Alexander McQueen.,color:9155,style:491730DZQVM,imglink:https://cdn-images.farfetch-contents.com/12/45/28/10/12452810_11646679_322.jpg
id:11976728,daddy:data/luxurybagscsv.csv,name:FENDI By The Way small color-block textured-leather shoulder bag,brand:Fendi,price:HK$18000,description:Italian fashion house Fendi now with Karl Lagerfeld at its creative helm is famed for its exquisite designs expertly crafted from the most luxurious materials. This nude and orange calf leather By The Way small Boston bag from Fendi features round top handles with white conicial studs a detachable and adjustable shoulder strap a hanging leather tag a top zip closure two interior compartments divided by a zipped partition and an internal logo patch.,color:F0W34,style:8BL1249FH,imglink:https://cdn-images.farfetch-contents.com/11/97/67/28/11976728_9131768_322.jpg
id:12501747,daddy:data/luxurybagscsv.csv,name:FENDI Kan I mini scalloped leather shoulder bag,brand:Fendi,price:HK$15800,description:Technical construction is Fendi’s forte when it comes to leather goods. Championing the luxurious minimalism that makes their handbags a universal favourite the Italian brand are constantly pushing their own boundaries reimagining classics for the new season. This blue calf leather Kan I mini bag from Fendi features a top handle a chain shoulder strap a foldover top and silver-tone hardware.,color:F0V1A,style:8BT2862IH,imglink:https://cdn-images.farfetch-contents.com/12/50/17/47/12501747_11684666_322.jpg
id:11868053,daddy:data/luxurybagscsv.csv,name:FENDI Appliquéd leather shoulder bag,brand:Uma | Raquel Davidowicz,price:HK$2650,description:Black leather shoulder bag from Uma | Raquel Davidowicz featuring an adjustable shoulder strap a zip fastening and internal pockets.,color:PRETO,style:BOLSAMEDELIN02AW17,imglink:https://cdn-images.farfetch-contents.com/11/86/80/53/11868053_8788179_322.jpg
id:11687952,daddy:data/luxurybagscsv.csv,name:FENDI Dotcom Click quilted leather tote,brand:Fendi,price:HK$15826,description:Italian fashion house Fendi now with Karl Lagerfeld at its creative helm is famed for its exquisite designs expertly crafted from the most luxurious materials. This black nappa leather  small 'Dotcom Click' tote from Fendi features a front centre logo stamp a quilted effect a detachable shoulder strap a top zip fastening two compartments divided by a partition with zip at the top and a black detachable pouch which attaches to the zipped front compartment with a conical stud.,color:F0GXN,style:8BN299I8F,imglink:https://cdn-images.farfetch-contents.com/11/68/79/52/11687952_7860996_322.jpg
id:12426684,daddy:data/luxurybagscsv.csv,name:FENDI Studded appliquéd leather backpack,brand:Fendi,price:HK$18000,description:Established back in 1925 Italian fashion house Fendi now with Karl Lagerfeld at its creative helm never ceases to amaze the world with its style elegance and impeccable sense of the 'right now'. This nude leather floral eyes leather backpack features a round top handle with spike stud accents a top zip closure a front zip compartment two colourful floral appliqués and a front embossed logo stamp.,color:NEUTRALS,style:8BZ0389PQ,imglink:https://cdn-images.farfetch-contents.com/12/42/66/84/12426684_11543606_322.jpg
id:12501770,daddy:data/luxurybagscsv.csv,name:FENDI Sequined shell, leather and mesh backpack,brand:Fendi,price:HK$21800,description:Karl Lagerfeld is an icon unto himself and has imparted his playful stylistic vision into the designs of the Roman maison of Fendi for over fifty years. Crafted from black calf leather this sequin embellished backpack from Fendi features a two way zip fastening a front zip pocket adjustable shoulder straps a top handle with conical studs and multicolored sequin embroidery at the front to recreate multiple 'F' logos.,color:F0JBX,style:8BZ038A14U,imglink:https://cdn-images.farfetch-contents.com/12/50/17/70/12501770_11865442_322.jpg
id:12336328,daddy:data/luxurybagscsv.csv,name:PRADA Pionnière leather-trimmed velvet shoulder bag,brand:Prada,price:HK$15300,description:Inspired by ancient book bindings Prada's iconic 'Pattina' shoulder bag has been fashioned in Italy from luxurious burgundy and red velvet. Boasting burnished gold-toned metal hardware this compact piece balances contemporary style with the designer's vintage aesthetic. The bag features an optional chain shoulder strap a supple leather lining a foldover top internal slip pockets and a signature 1913 Prada logo plaque to the front.,color:MULTICOLOURED,style:1BD075068VCO4,imglink:https://cdn-images.farfetch-contents.com/12/33/63/28/12336328_11019791_322.jpg
id:12331535,daddy:data/luxurybagscsv.csv,name:PRADA Embellished leather shoulder bag,brand:Gucci,price:HK$33800,description:The Dionysus shoulder bag with the now defining tiger head closure-a unique detail referencing the Greek god Dionysus who in myth is said to have crossed the river Tigris on a tiger sent to him by Zeus. Embroidered floral appliqués add a romantic touch to the handbag. The sliding chain strap can be worn multiple ways changing between a shoulder and a top handle bag. Made in an imprinted leather giving it a textured appearance which replicates an archival Gucci material. Hibiscus red leather with blue/red Web. Antique gold-toned tiger head closure; Palladium-toned chain strap. Embroidered floral appliqués. Pin closure with side release. Tiger head closure. Hand-painted edges. Interior zippered compartment. Pocket under the flap. Sliding chain strap can be worn as a shoulder strap with 15" drop or can be worn as a top handle with 8.5" drop. Small size: 11"W x 7"H x 3.5"D. Made in Italy. The model is 178 cm.,color:8607 Red,style:400249CWIIX,imglink:https://cdn-images.farfetch-contents.com/12/33/15/35/12331535_10959099_322.jpg
id:12336328,daddy:data/luxurybagscsv.csv,name:PRADA Messenger leather-trimmed quilted velvet shoulder bag,brand:Prada,price:HK$15300,description:Inspired by ancient book bindings Prada's iconic 'Pattina' shoulder bag has been fashioned in Italy from luxurious burgundy and red velvet. Boasting burnished gold-toned metal hardware this compact piece balances contemporary style with the designer's vintage aesthetic. The bag features an optional chain shoulder strap a supple leather lining a foldover top internal slip pockets and a signature 1913 Prada logo plaque to the front.,color:MULTICOLOURED,style:1BD075068VCO4,imglink:https://cdn-images.farfetch-contents.com/12/33/63/28/12336328_11019791_322.jpg
id:12336328,daddy:data/luxurybagscsv.csv,name:PRADA Pionnière velvet shoulder bag,brand:Prada,price:HK$15300,description:Inspired by ancient book bindings Prada's iconic 'Pattina' shoulder bag has been fashioned in Italy from luxurious burgundy and red velvet. Boasting burnished gold-toned metal hardware this compact piece balances contemporary style with the designer's vintage aesthetic. The bag features an optional chain shoulder strap a supple leather lining a foldover top internal slip pockets and a signature 1913 Prada logo plaque to the front.,color:MULTICOLOURED,style:1BD075068VCO4,imglink:https://cdn-images.farfetch-contents.com/12/33/63/28/12336328_11019791_322.jpg
id:11868053,daddy:data/luxurybagscsv.csv,name:PRADA Cahier leather shoulder bag,brand:Uma | Raquel Davidowicz,price:HK$2650,description:Black leather shoulder bag from Uma | Raquel Davidowicz featuring an adjustable shoulder strap a zip fastening and internal pockets.,color:PRETO,style:BOLSAMEDELIN02AW17,imglink:https://cdn-images.farfetch-contents.com/11/86/80/53/11868053_8788179_322.jpg
id:11868053,daddy:data/luxurybagscsv.csv,name:PRADA Shearling and textured-leather shoulder bag,brand:Uma | Raquel Davidowicz,price:HK$2650,description:Black leather shoulder bag from Uma | Raquel Davidowicz featuring an adjustable shoulder strap a zip fastening and internal pockets.,color:PRETO,style:BOLSAMEDELIN02AW17,imglink:https://cdn-images.farfetch-contents.com/11/86/80/53/11868053_8788179_322.jpg
id:11935612,daddy:data/luxurybagscsv.csv,name:PRADA Textured-leather phone case,brand:Prada,price:HK$3752,description:Founded in by Mario Prada the brand is known for producing timeless items with traditional Milanese craftsmanship. Expect to see outerwear with a utilitarian twist and vibrant accessories that have amassed a cult following. Grab this textured leather phone case from Prada to hold your fundamentals. This bag features two compartments with four slots. Carry yours cross-body using the long gold-tone chain strap.,color:F0002 NERO,style:1ZH034QWA,imglink:https://cdn-images.farfetch-contents.com/11/93/56/12/11935612_9123837_322.jpg
id:11868053,daddy:data/luxurybagscsv.csv,name:PRADA Pionnière leather shoulder bag,brand:Uma | Raquel Davidowicz,price:HK$2650,description:Black leather shoulder bag from Uma | Raquel Davidowicz featuring an adjustable shoulder strap a zip fastening and internal pockets.,color:PRETO,style:BOLSAMEDELIN02AW17,imglink:https://cdn-images.farfetch-contents.com/11/86/80/53/11868053_8788179_322.jpg
id:11973129,daddy:data/luxurybagscsv.csv,name:PRADA Ribbon Plexi leather shoulder bag,brand:Gucci,price:HK$20900,description:A small leather structured shoulder bag with two interchangeable straps one in leather the other in Sylvie Web ribbon. The metal buckle closure was taken from the House’s archives and is mixed playfully with the Web stripe. Made in our smooth classic leather. Off-white leather. Camel microfiber lining with a suede-like finish. Interior open and smartphone pockets. Includes two shoulder straps: detachable leather shoulder strap with 13.5" drop detachable Web shoulder strap with 6.3" drop. Nylon Web detail with metal chain and buckle closure. Small size: 10""W x 6.75""H x 3""D. Made in Italy.,color:8605,style:421882CVLEG,imglink:https://cdn-images.farfetch-contents.com/11/97/31/29/11973129_10137289_322.jpg
id:12250722,daddy:data/luxurybagscsv.csv,name:PRADA Bibliothèque large leather tote,brand:Prada,price:HK$20050,description:The contemporary art inspired Prada has a deep enduring heritage that cements the brands legendary status. Founded in 1913 by Mario Prada the brand is known for producing timeless items with traditional Milanese craftsmanship. Expect to see outerwear with a utilitarian twist and vibrant accessories that have amassed a cult following. Red and black calf leather Bibliothèque large tote by Prada featuring top handles a logo plaque a hanging leather tag accordion details at sides and a detachable and adjustable shoulder strap.,color:F0R6B GRANATO/NERO,style:1BG0982AIXVMOF,imglink:https://cdn-images.farfetch-contents.com/12/25/07/22/12250722_11312459_322.jpg
id:11973129,daddy:data/luxurybagscsv.csv,name:PRADA Ribbon Plexi two-tone textured-leather shoulder bag,brand:Gucci,price:HK$20900,description:A small leather structured shoulder bag with two interchangeable straps one in leather the other in Sylvie Web ribbon. The metal buckle closure was taken from the House’s archives and is mixed playfully with the Web stripe. Made in our smooth classic leather. Off-white leather. Camel microfiber lining with a suede-like finish. Interior open and smartphone pockets. Includes two shoulder straps: detachable leather shoulder strap with 13.5" drop detachable Web shoulder strap with 6.3" drop. Nylon Web detail with metal chain and buckle closure. Small size: 10""W x 6.75""H x 3""D. Made in Italy.,color:8605,style:421882CVLEG,imglink:https://cdn-images.farfetch-contents.com/11/97/31/29/11973129_10137289_322.jpg
id:12189658,daddy:data/luxurybagscsv.csv,name:PRADA Studded leather and calf hair shoulder bag,brand:Prada,price:HK$14768,description:Founded in 1913 by Mario Prada the brand is known for producing timeless items with traditional Milanese craftsmanship. Expect to see outerwear with a utilitarian twist and vibrant accessories that have amassed a cult following. Black calf leather studded Etiquette shoulder bag by Prada featuring a fold-over top a main internal compartment a detachable and adjustable shoulder strap a front logo patch and a contrasting pale blue shoulder pad.,color:F0OK0 NERO ASTRALE,style:1BD082PEOVOBO,imglink:https://cdn-images.farfetch-contents.com/12/18/96/58/12189658_11299243_322.jpg
id:12461075,daddy:data/luxurybagscsv.csv,name:PRADA Crystal-embellished velvet tote,brand:Sophia Webster,price:HK$4858,description:Black crystal-embellished velvet sandals from Sophia Webster.,color:BLACK,style:SAR17001,imglink:https://cdn-images.farfetch-contents.com/12/46/10/75/12461075_11767028_322.jpg
id:12218603,daddy:data/luxurybagscsv.csv,name:PRADA Pattina leather shoulder bag,brand:Prada,price:HK$17700,description:Inspired by ancient book bindings Prada's iconic 'Pattina' shoulder bag has been fashioned in Italy from luxurious Plum Purple calf leather. Boasting burnished gold-toned metal hardware this compact piece balances contemporary style with the designer's vintage aesthetic. The bag also features an adjustable shoulder strap a foldover top with a snap fastening an internal slip pocket and a signature 1913 Prada logo plaque to the front.,color:F0397 CORDOVAN,style:1BD0752BJKVOAH,imglink:https://cdn-images.farfetch-contents.com/12/21/86/03/12218603_10487934_322.jpg
id:11996482,daddy:data/luxurybagscsv.csv,name:PRADA Vela large leather-trimmed shell backpack,brand:Sandqvist,price:HK$1030,description:Khaki  cotton blend  leather trim backpack  from Sandqvist.,color:VERDE,style:SQA587OLIVE,imglink:https://cdn-images.farfetch-contents.com/11/99/64/82/11996482_9511104_322.jpg
id:12518740,daddy:data/luxurybagscsv.csv,name:Chloé Pixie suede and textured-leather shoulder bag,brand:Chloé,price:HK$14490,description:Chloé is known for perfectly balancing British cool Parisian glamour and retro seventies inspiration to create collections that are timeless and ultimately feminine. Pearl beige calf leather Medium Pixie shoulder bag featuring top handles a detachable and adjustable shoulder strap and a main internal compartment.,color:NR278 PEARL BEIGE,style:3S1332HGP,imglink:https://cdn-images.farfetch-contents.com/12/51/87/40/12518740_11862920_322.jpg
id:12521942,daddy:data/luxurybagscsv.csv,name:Chloé Faye small leather and suede backpack,brand:Chloé,price:HK$15075,description:Chloé continues to create timeless handbags with a bohemian twist. Expect to see subtle studding fringes and warm toned hardware. Softie brown leather Small Faye backpack featuring a fold over top with magnetic closure a hook and loop strap fastening an accordion-style interior an adjustable shoulder strap and mixed metallic hardware.,color:NR270 Softie Brown,style:3S1233HEU,imglink:https://cdn-images.farfetch-contents.com/12/52/19/42/12521942_11873434_322.jpg
id:12521942,daddy:data/luxurybagscsv.csv,name:Chloé Faye small textured-leather and suede backpack,brand:Chloé,price:HK$15075,description:Chloé continues to create timeless handbags with a bohemian twist. Expect to see subtle studding fringes and warm toned hardware. Softie brown leather Small Faye backpack featuring a fold over top with magnetic closure a hook and loop strap fastening an accordion-style interior an adjustable shoulder strap and mixed metallic hardware.,color:NR270 Softie Brown,style:3S1233HEU,imglink:https://cdn-images.farfetch-contents.com/12/52/19/42/12521942_11873434_322.jpg
id:12172310,daddy:data/luxurybagscsv.csv,name:Chloé Faye medium leather and suede shoulder bag,brand:Chloé,price:HK$11575,description:The Chloé Faye shoulder bag is as iconic as the house itself. Crafted from smooth black leather and suede with the addition of lustrous gold hardware this Faye shoulder bag is the epitome of modern femininity. It features a foldover top with a signature hoop and chain closure a detachable and adjustable shoulder strap a contrast piped trim an accordion-style interior an internal zipped pocket and a calf suede lining.,color:NR001 BLACK,style:3S1231H2O,imglink:https://cdn-images.farfetch-contents.com/12/17/23/10/12172310_10263555_322.jpg
id:12056848,daddy:data/luxurybagscsv.csv,name:Chloé Nile Bracelet small textured-leather and suede shoulder bag,brand:Chloé,price:HK$12676,description:Off-white leather Small Nile bracelet bag from Chloé featuring a foldover top with magnetic closure a main internal compartment a detachable and adjustable shoulder strap an internal slip pocket a front embossed logo stamp gold-tone hardware and a hinged O-ring bracelet cuff. Please note that this piece can be worn in different ways.,color:308 OFF WHITE,style:3S1301HEU,imglink:https://cdn-images.farfetch-contents.com/12/05/68/48/12056848_9637030_322.jpg
id:12452810,daddy:data/luxurybagscsv.csv,name:Chloé Nile mini textured-leather shoulder bag,brand:Alexander McQueen,price:HK$11482,description:White and multi-coloured leather  Box 16 mini embroidered leather shoulder bag from Alexander McQueen.,color:9155,style:491730DZQVM,imglink:https://cdn-images.farfetch-contents.com/12/45/28/10/12452810_11646679_322.jpg
id:11980578,daddy:data/luxurybagscsv.csv,name:Chloé Nile Bracelet medium textured-leather and suede shoulder bag,brand:Chloé,price:HK$12550,description:Black leather Nile bracelet bag from Chloé featuring a foldover top with magnetic closure a detachable and adjustable shoulder strap a main internal compartment an internal slip pocket gold-tone hardware a suede lining and hinged o-ring bracelet cuff.,color:NR001BLACK,style:3S1300HEU,imglink:https://cdn-images.farfetch-contents.com/11/98/05/78/11980578_9550195_322.jpg
id:12452315,daddy:data/luxurybagscsv.csv,name:Chloé Faye Bracelet mini metallic cracked-leather shoulder bag,brand:Chloé,price:HK$6850,description:Cement pink leather Mini pink Faye Bracelet bag from Chloé featuring a foldover top with magnetic closure a main internal compartment a hook and loop strap fastening and a cross body strap.,color:CEMENT PINK,style:3S1320H2O,imglink:https://cdn-images.farfetch-contents.com/12/45/23/15/12452315_11590389_322.jpg
id:12113725,daddy:data/luxurybagscsv.csv,name:Chloé Drew mini textured-leather shoulder bag,brand:Chloé,price:HK$12580,description:The Chloé collection exudes Brit-girl cool and seventies glamour. Striking the perfect balance between sharp masculinity and feminine elegance. The Parisian Maison was founded by Gaby Aghion in the 1950’s and continues to be a fashion insiders favourite to this day. This sultry midnight green leather Mini Drew shoulder bag from Chloé is a classic style that will stand the test of time. The piece features a fold over top a turn-lock closure with snap-fit linchpin a main internal compartment gold-toned hardware and a chain shoulder strap.,color:NR3I3 MIDNIGHT GREEN,style:3S1032944,imglink:https://cdn-images.farfetch-contents.com/12/11/37/25/12113725_10858431_322.jpg
id:12427690,daddy:data/luxurybagscsv.csv,name:Miu Miu Embellished matelassé velvet shoulder bag,brand:Miu Miu,price:HK$8150,description:Green velvet shoulder bag  from Miu Miu.,color:SMERALDO,style:5BF3542EOM,imglink:https://cdn-images.farfetch-contents.com/12/42/76/90/12427690_11452792_322.jpg
id:12376572,daddy:data/luxurybagscsv.csv,name:Miu Miu My Miu embellished watersnake-trimmed textured-leather shoulder bag,brand:Miu Miu,price:HK$15800,description:Founded by Miuccia Prada in 1993 Miu Miu has been synonymous with luxury fashion and forward-thinking design. The brand pursues a creative and innovative take on femininity presenting classic silhouettes and timeless accessories with a glamorous twist. Crafted in Italy from metallic silver calf leather their iconic My Miu shoulder bag from the AW17 collection is a perfect example. Alongside an embossed gold strap and crystal-embellished buckle the piece features a silver-tone chain shoulder strap foldover top with twist-lock closure an internal slip pocket and a front logo plaque.,color:SILVER,style:5BF0682BPF,imglink:https://cdn-images.farfetch-contents.com/12/37/65/72/12376572_11848295_322.jpg
id:12376500,daddy:data/luxurybagscsv.csv,name:Miu Miu Shearling and textured-leather shoulder bag,brand:Miu Miu,price:HK$9579,description:Known as Prada’s fashionable ‘Little Sister’ Miu Miu follows the designer’s pillars of expert craftsmanship and high-quality materials. Classic silhouettes and timeless accessories are infused with a tongue-in-cheek charm. Fashioned in Italy from light blue sheepskin shearling with a calf leather lining this iconic My Miu shoulder bag features a gold-tone chain shoulder strap a foldover top with a snap closure an internal slip pocket a logo plaque and 'MIU' embroidered in red across the front.,color:F0637 ASTRALE,style:5BF0682BO0,imglink:https://cdn-images.farfetch-contents.com/12/37/65/00/12376500_11293148_322.jpg
id:12376572,daddy:data/luxurybagscsv.csv,name:Miu Miu Embellished leather and tartan wool-blend shoulder bag,brand:Miu Miu,price:HK$15800,description:Founded by Miuccia Prada in 1993 Miu Miu has been synonymous with luxury fashion and forward-thinking design. The brand pursues a creative and innovative take on femininity presenting classic silhouettes and timeless accessories with a glamorous twist. Crafted in Italy from metallic silver calf leather their iconic My Miu shoulder bag from the AW17 collection is a perfect example. Alongside an embossed gold strap and crystal-embellished buckle the piece features a silver-tone chain shoulder strap foldover top with twist-lock closure an internal slip pocket and a front logo plaque.,color:SILVER,style:5BF0682BPF,imglink:https://cdn-images.farfetch-contents.com/12/37/65/72/12376572_11848295_322.jpg
id:12284142,daddy:data/luxurybagscsv.csv,name:Miu Miu Miu Lady embellished smooth and textured-leather shoulder bag,brand:Miu Miu,price:HK$8781,description:Pink leather Mini Pink Leather Crystal Buckle Miu Lady bag from Miu Miu featuring a detachable and adjustable shoulder strap a foldover top with snap closure an internal slip pocket and a crystal and faux pearl embellished buckle.,color:615 ORCHIDEA,style:5BL0012EJA,imglink:https://cdn-images.farfetch-contents.com/12/28/41/42/12284142_11532191_322.jpg
id:12394073,daddy:data/luxurybagscsv.csv,name:Miu Miu Leather-trimmed velvet backpack,brand:Miu Miu,price:HK$13571,description:Black  velvet mini backpack  from Miu Miu.,color:F0002 BLACK,style:5BZ015N88,imglink:https://cdn-images.farfetch-contents.com/12/39/40/73/12394073_11505370_322.jpg
id:12331535,daddy:data/luxurybagscsv.csv,name:Miu Miu Dahlia embellished leather shoulder bag,brand:Gucci,price:HK$33800,description:The Dionysus shoulder bag with the now defining tiger head closure-a unique detail referencing the Greek god Dionysus who in myth is said to have crossed the river Tigris on a tiger sent to him by Zeus. Embroidered floral appliqués add a romantic touch to the handbag. The sliding chain strap can be worn multiple ways changing between a shoulder and a top handle bag. Made in an imprinted leather giving it a textured appearance which replicates an archival Gucci material. Hibiscus red leather with blue/red Web. Antique gold-toned tiger head closure; Palladium-toned chain strap. Embroidered floral appliqués. Pin closure with side release. Tiger head closure. Hand-painted edges. Interior zippered compartment. Pocket under the flap. Sliding chain strap can be worn as a shoulder strap with 15" drop or can be worn as a top handle with 8.5" drop. Small size: 11"W x 7"H x 3.5"D. Made in Italy. The model is 178 cm.,color:8607 Red,style:400249CWIIX,imglink:https://cdn-images.farfetch-contents.com/12/33/15/35/12331535_10959099_322.jpg
id:12423551,daddy:data/luxurybagscsv.csv,name:Miu Miu Miu Click two-tone textured-leather tote,brand:Miu Miu,price:HK$17200,description:Founded in 1993 by The Prada Group Miu Miu derives its identity from the founder’s affectionate childhood nickname. Miucca creates playful feminine forms for the contemporary woman. The brand is typified by its muted colour blocking and delicate crystal detailing. Terracotta orange  leather Miu Click tote bag featuring a top handle foldover top with twist-lock closure a main internal compartment a detachable and adjustable shoulder strap and gold-tone hardware.,color:F0Y53 rugo,style:5BA0522AJB,imglink:https://cdn-images.farfetch-contents.com/12/42/35/51/12423551_11355436_322.jpg
id:12146684,daddy:data/luxurybagscsv.csv,name:Miu Miu Crystal-embellished velvet shoulder bag,brand:Gucci,price:HK$25000,description:The medium GG Marmont chain shoulder bag has a softly structured shape and an oversized flap closure with Double G hardware. The "Loved" appliqué a term that references an inclusive idea of romanticism is enhanced by glass pearls and paired with floral embroideries. Made in matelassé black chevron velvet with a plush hand and rich finish. Gold-toned hardware. Pearls embroidered "Loved" appliqué. Double G. Internal zip and smartphone pockets with an open horizontal case for larger phones. Sliding chain strap can be worn as a shoulder strap with 55cm drop or as a top handle with 30cm drop. Flap with spring closure. Medium size: W31cm x H19cm x D7cm. Satin silk lining. Made in Italy.,color:1093,style:443496K4DLT,imglink:https://cdn-images.farfetch-contents.com/12/14/66/84/12146684_10105165_322.jpg
id:11717234,daddy:data/luxurybagscsv.csv,name:Miu Miu Bow-embellished suede shoulder bag,brand:Miu Miu,price:HK$16250,description:Black leather  embellished shoulder bag from Miu Miu featuring a foldover top rhinestone embellishments faux pearl details silver-tone hardware a detachable shoulder strap accordion details at sides multiple interior compartments and a suede lining.,color:F0632BLACK,style:5BH6092EJA,imglink:https://cdn-images.farfetch-contents.com/11/71/72/34/11717234_8427575_322.jpg
id:12346213,daddy:data/luxurybagscsv.csv,name:Miu Miu Dahlia leather shoulder bag,brand:Miu Miu,price:HK$19957,description:Miu Miu's 'Dahlia' shoulder bag is a signature silhouette from the fashion house introducing luxurious finishings to a typically bohemian design. Crafted in Italy from supple white calf leather the striking piece is enriched with a multicoloured crystal-embellished front buckle detailing. Named after the first female racehorse to earn over a million dollars the handbag boasts a curved saddle-shaped structure along with a detachable and adjustable shoulder strap a foldover top with a snap closure interior compartments and gold-tone studs.,color:F0009,style:5BD0192EJA,imglink:https://cdn-images.farfetch-contents.com/12/34/62/13/12346213_11532168_322.jpg
id:12564861,daddy:data/luxurybagscsv.csv,name:,brand:Prada,price:HK$4550,description:Classic yet innovative iconic Italian fashion house Prada balances uncompromising quality with a forward-thinking approach to design. Black leather wallet featuring a gold-toned logo plaque multiple card slots a back zip pocket an internal zipped pocket gold-tone hardware and removable card slot.,color:F0002,style:1MH132QHH,imglink:https://cdn-images.farfetch-contents.com/12/56/48/61/12564861_11907549_322.jpg