id:11960386,daddy:data/malefashioncsv.csv,name:AMI ALEXANDRE MATTIUSSI  tricolour sweatshirt,brand:Ami Alexandre Mattiussi,price:HK$1200,description:Red white and navy blue cotton tricolour sweatshirt from Ami Alexandre Mattiussi featuring a ribbed crew neck long sleeves a ribbed hem and cuffs a color blocked design and a blue white and red Ami embroidery at the chest. This item is designed for a close fit. Take your normal size for a close fit or the next size up for a semi-fitted cut.,color:600 RED,style:H17J015730,imglink:https://cdn-images.farfetch-contents.com/11/96/03/86/11960386_9293742_322.jpg
id:12406047,daddy:data/malefashioncsv.csv,name:BALENCIAGA  Printed Raincoat,brand:Balenciaga,price:HK$12400,description:Hailing from a groundbreaking term at Vetements Demna Gvasalia has pushed the direction of Balenciaga even further into the sphere of the discerning sartorialist. Blue Printed Raincoat featuring a funnel neck long sleeves a front zip fastening and a long length.,color:4540 BLUE,style:486300TWD09,imglink:https://cdn-images.farfetch-contents.com/12/40/60/47/12406047_11422592_322.jpg
id:12232992,daddy:data/malefashioncsv.csv,name:BALMAIN  distressed camouflage trousers,brand:Balmain,price:HK$5672,description:Balmain's staple sports-luxe pieces typify the Parisian Maison's luxuriously edgy attitude. These skinny-fit trousers have been crafted from cotton-blend and boast a cool camouflage print. Heightened by distressed finishes giving them a distinctive flair these trousers showcase Olivier Rousteing's daring take on wardrobe essentials.,color:147 KAKI,style:W7H9529T022C,imglink:https://cdn-images.farfetch-contents.com/12/23/29/92/12232992_10583573_322.jpg
id:12088021,daddy:data/malefashioncsv.csv,name:BLOOD BROTHER  Patch sweatshirt,brand:Blood Brother,price:HK$748,description:An everyday essential the Patch Sweat embraces a subtle yet striking minimalist aesthetic. Featured in khaki green in a soft but durable jersey cotton this piece comes in a neat regular fit. At the front of the piece a large branded applique logo can be found in ecru creating a strong contrast with the otherwise all khaki garment. The hem neckline and cuffs are all finished with fitted ribbed panels.,color:KHAKI,style:BA17PATCH22,imglink:https://cdn-images.farfetch-contents.com/12/08/80/21/12088021_9841479_322.jpg
id:12271714,daddy:data/malefashioncsv.csv,name:BURBERRY  checked shirt,brand:Comme Des Garçons Shirt,price:HK$1119,description:Blue and red cotton checked shirt  from Comme Des Garçons Shirt Boy.,color:A BLUE RED MIX,style:W25918,imglink:https://cdn-images.farfetch-contents.com/12/27/17/14/12271714_10677309_322.jpg
id:11109716,daddy:data/malefashioncsv.csv,name:BURBERRY  Kensington Heritage mid trenchcoat,brand:Burberry,price:HK$9472,description:Luxury British fashion house Burberry is renowned for its classic designs and expert attention to detail as evidenced by this Kensington trench coat. Crafted from cotton with its signature 'House Check' lining this classic style exemplifies the label's prestigious heritage and craftsmanship. It features a figure-flattering belted silhouette.,color:70500,style:3983339,imglink:https://cdn-images.farfetch-contents.com/11/10/97/16/11109716_5614987_322.jpg
id:12253656,daddy:data/malefashioncsv.csv,name:CALVIN KLEIN 205W39NYC Stripe 205 knitted jumper ,brand:Calvin Klein 205W39nyc,price:HK$2695,description:Burgundy wool Stripe 205 knitted jumper from CALVIN KLEIN 205W39NYC.,color:509 BURGUNDY,style:74MKTA72K109,imglink:https://cdn-images.farfetch-contents.com/12/25/36/56/12253656_10619151_322.jpg
id:12377563,daddy:data/malefashioncsv.csv,name:CMMN SWDN  Stain trousers,brand:Cmmn Swdn,price:HK$2290,description:Mustard yellow wool Stain trousers from Cmmn Swdn.,color:MUSTARD,style:M11W431,imglink:https://cdn-images.farfetch-contents.com/12/37/75/63/12377563_11200694_322.jpg
id:11922369,daddy:data/malefashioncsv.csv,name:COMME DES GARÇONS SHIRT  embroidered sweatshirt,brand:Comme Des Garçons Shirt,price:HK$2164,description:Brown  cotton Noah Lyon X Comme des Garcons shirt  from Comme Des Garçons Shirt.,color:a,style:S25068,imglink:https://cdn-images.farfetch-contents.com/11/92/23/69/11922369_9082785_322.jpg
id:12184856,daddy:data/malefashioncsv.csv,name:DOLCE & GABBANA  distressed jeans,brand:Dolce & Gabbana,price:HK$2711,description:Dolce & Gabbana’s classic leisurewear is crafted in Italy from the finest materials for lasting wearability. This green T-shirt from Dolce & Gabbana’s AW17/18 collection is spun from a soft cotton for optimum comfort. It features a round neck short sleeves a relaxed fit and a multi colour print of a gorilla.,color:HVD86/GREEN,style:G8HI7THP7SN,imglink:https://cdn-images.farfetch-contents.com/12/18/48/56/12184856_10366764_322.jpg
id:12184856,daddy:data/malefashioncsv.csv,name:DOLCE & GABBANA  Royal Black Panther jumper,brand:Dolce & Gabbana,price:HK$2711,description:Dolce & Gabbana’s classic leisurewear is crafted in Italy from the finest materials for lasting wearability. This green T-shirt from Dolce & Gabbana’s AW17/18 collection is spun from a soft cotton for optimum comfort. It features a round neck short sleeves a relaxed fit and a multi colour print of a gorilla.,color:HVD86/GREEN,style:G8HI7THP7SN,imglink:https://cdn-images.farfetch-contents.com/12/18/48/56/12184856_10366764_322.jpg
id:12184856,daddy:data/malefashioncsv.csv,name:DOLCE & GABBANA asymmetric patch detail bomber jacket,brand:Dolce & Gabbana,price:HK$2711,description:Dolce & Gabbana’s classic leisurewear is crafted in Italy from the finest materials for lasting wearability. This green T-shirt from Dolce & Gabbana’s AW17/18 collection is spun from a soft cotton for optimum comfort. It features a round neck short sleeves a relaxed fit and a multi colour print of a gorilla.,color:HVD86/GREEN,style:G8HI7THP7SN,imglink:https://cdn-images.farfetch-contents.com/12/18/48/56/12184856_10366764_322.jpg
id:12135121,daddy:data/malefashioncsv.csv,name:DSQUARED2  classic checked shirt,brand:Dsquared2,price:HK$5245,description:As well as presenting a collection of quirky styles and standout silhouettes the Caten twin designers behind DSQUARED2  prove that they are also expert in fashioning timeless wardrobe staples. This green brown black and white cotton classic checked shirt from DSQUARED2 features a classic collar a front button fastening long sleeves button cuffs a curved hemline and a front logo plaque.,color:001F,style:S74DM0071S47863,imglink:https://cdn-images.farfetch-contents.com/12/13/51/21/12135121_10299911_322.jpg
id:12473735,daddy:data/malefashioncsv.csv,name:DSQUARED2  cool guy jeans,brand:Dsquared2,price:HK$4580,description:The DSQUARED2 cool guy jeans have been updated for SS18. In a faded blue stone wash design they feature belt loops pockets at the front and back and branded tabs.,color:470,style:S74LB0364S30342,imglink:https://cdn-images.farfetch-contents.com/12/47/37/35/12473735_11626905_322.jpg
id:12104410,daddy:data/malefashioncsv.csv,name:DSQUARED2  zipped pocket blazer,brand:Dsquared2,price:HK$13115,description:DSQUARED2 once again put their idiosyncratic touch on a classic menswear staple elevating the formalwear piece to must-have status. Crafted in Italy from a sumptuous black Virgin-wool blend this piece exemplifies the designers' penchant for men's tailoring. It features peaked lapels long sleeves with button cuffs a front button fastening a rear vent front pockets and a signature slim fit. The blazer is fully lined to ensure it falls smoothly over cotton shirts and is finished off with a sleek leather-trimmed silver-toned zipped chest pocket for a distinctive edge.,color:860,style:S74BN0735S42916,imglink:https://cdn-images.farfetch-contents.com/12/10/44/10/12104410_10071738_322.jpg
id:12167063,daddy:data/malefashioncsv.csv,name:EX INFINITAS  Oversized button-down shirt ,brand:Ex Infinitas,price:HK$1283,description:White cotton Oversized button-down shirt from EX Infinitas featuring a classic collar a front button fastening long sleeves button cuffs a straight hem and a print to the front.,color:WHITE,style:EXFW17110,imglink:https://cdn-images.farfetch-contents.com/12/16/70/63/12167063_10791089_322.jpg
id:12431295,daddy:data/malefashioncsv.csv,name:EX INFINITAS  surf sticker print track pants,brand:Ex Infinitas,price:HK$1266,description:Red cotton surf sticker print track pants from EX Infinitas.,color:RED,style:EXFW17103R,imglink:https://cdn-images.farfetch-contents.com/12/43/12/95/12431295_11418523_322.jpg
id:12508329,daddy:data/malefashioncsv.csv,name:FACETASM  embroidered quote jumper,brand:Facetasm,price:HK$1965,description:Red wool embroidered quote jumper from Facetasm.,color:RED,style:CHGKNU03,imglink:https://cdn-images.farfetch-contents.com/12/50/83/29/12508329_11761093_322.jpg
id:12522069,daddy:data/malefashioncsv.csv,name:FACETASM layered asymmetric coat,brand:Facetasm,price:HK$12441,description:Blue black and white layered asymmetric coat from Facetasm.,color:BLUE,style:CHGCOM10,imglink:https://cdn-images.farfetch-contents.com/12/52/20/69/12522069_11875245_322.jpg
id:12450705,daddy:data/malefashioncsv.csv,name:FENTY X PUMA  embroidered patch hoodie,brand:Fenty X Puma,price:HK$1150,description:Grey cotton blend embroidered patch hoodie from Fenty X Puma.,color:01 CHARCOAL HEATHER,style:576034,imglink:https://cdn-images.farfetch-contents.com/12/45/07/05/12450705_11522230_322.jpg
id:12256969,daddy:data/malefashioncsv.csv,name:GCDS  logo T-shirt,brand:Gcds,price:HK$479,description:Black cotton logo T-shirt from gcds.,color:2,style:FW18M020040,imglink:https://cdn-images.farfetch-contents.com/12/25/69/69/12256969_10655980_322.jpg
id:12497523,daddy:data/malefashioncsv.csv,name:GMBH  colourblock padded coat,brand:Gmbh,price:HK$13283,description:Multicolour colourblock padded coat from GmbH.,color:BEIGE BLUE,style:WATJ04,imglink:https://cdn-images.farfetch-contents.com/12/49/75/23/12497523_11690872_322.jpg
id:12515876,daddy:data/malefashioncsv.csv,name:GOSHA RUBCHINSKIY  denim bomber jacket ,brand:Gosha Rubchinskiy,price:HK$3428,description:Blue cotton denim bomber jacket from Gosha Rubchinskiy.,color:B BLUE,style:G011J001,imglink:https://cdn-images.farfetch-contents.com/12/51/58/76/12515876_11789670_322.jpg
id:12507988,daddy:data/malefashioncsv.csv,name:GREG LAUREN  two tone track pants,brand:Greg Lauren,price:HK$8137,description:Grey cotton two tone track pants from Greg Lauren.,color:GREY,style:GLSS17M228,imglink:https://cdn-images.farfetch-contents.com/12/50/79/88/12507988_11797450_322.jpg
id:12482113,daddy:data/malefashioncsv.csv,name:HELMUT LANG  printed long sleeve sweatshirt,brand:Helmut Lang,price:HK$2565,description:Heather grey printed long sleeve sweatshirt from Helmut Lang.,color:HEATHER GREY,style:H06HM505,imglink:https://cdn-images.farfetch-contents.com/12/48/21/13/12482113_11678072_322.jpg
id:12309408,daddy:data/malefashioncsv.csv,name:JW ANDERSON  Appliqué stitch satin bomber jacket,brand:JW Anderson,price:HK$6285,description:Green wool Appliqué stitch satin bomber jacket from Jw Anderson.,color:556 BAMBOO,style:JK13MA17,imglink:https://cdn-images.farfetch-contents.com/12/30/94/08/12309408_10848370_322.jpg
id:12291934,daddy:data/malefashioncsv.csv,name:JW ANDERSON  zipped neck sweater,brand:JW Anderson,price:HK$3021,description:Midnight blue zipped neck sweater from Jw Anderson.,color:882 MIDNIGHT BLUE,style:JK18MA17,imglink:https://cdn-images.farfetch-contents.com/12/29/19/34/12291934_11402771_322.jpg
id:12497999,daddy:data/malefashioncsv.csv,name:KENZO  contrast hem patterned jumper ,brand:Kenzo,price:HK$1945,description:Offbeat French fashion house Kenzo originally founded by the Japanese creative visionary Kenzo Takada is renowned for its eclectic colourful designs. This is showcased through this grey contrast hem jumper from the label's latest collection. Expertly constructed from a soft mohair and wool blend the jumper features a crew neck ribbed trimming an Aztec pattern and long sleeves.,color:93,style:F765PU5123DC,imglink:https://cdn-images.farfetch-contents.com/12/49/79/99/12497999_11695731_322.jpg
id:12185298,daddy:data/malefashioncsv.csv,name:KENZO  denim shirt with patches,brand:Kenzo,price:HK$1156,description:Best known for their statement tiger motifs and streetwear-inspired shapes look to Kenzo this season to update your wardrobe. New to the brand's AW17 collection is this denim shirt expertly constructed from high quality Italian denim. It features a button fastening long sleeves a front pocket patch details and fitted button cuffs.,color:NAVYBLUE,style:F765CH6012EG,imglink:https://cdn-images.farfetch-contents.com/12/18/52/98/12185298_11078925_322.jpg
id:12314868,daddy:data/malefashioncsv.csv,name:KENZO  logo T-shirt,brand:Kenzo,price:HK$845,description:Renowned for its eclectic vision and signature Tiger prints French fashion house Kenzo presents this multicolour logo T-shirt to its AW17 collection. Constructed from high quality cotton the piece is perfect for casual occasions. It features a round neck short sleeves a straight hem a central logo motif a logo patch and colour contrast detailing.,color:73,style:F765TS0184SE,imglink:https://cdn-images.farfetch-contents.com/12/31/48/68/12314868_11007214_322.jpg
id:12449646,daddy:data/malefashioncsv.csv,name:KENZO  Tropic Ice striped shirt,brand:Kenzo,price:HK$1195,description:Japanese designer Kenzo Takada launched Kenzo in Paris in 1970. Today under the creative direction of Opening Ceremony's Humberto Leon and Carol Lim the label is as popular as ever thanks to its refreshed aesthetic. This Tropical Ice striped shirt is perfect for smart-casual wear with it's blue and white striped pattern. Crafted from a luxury cotton blend this shirt is characterised by it's Tropical Ice motif embroideries across the shirt. This Kenzo shirt also features a button collar a front button placket long sleeves a button cuffs and a curved hem.,color:B72,style:F765CH4001LG,imglink:https://cdn-images.farfetch-contents.com/12/44/96/46/12449646_11636495_322.jpg
id:12333753,daddy:data/malefashioncsv.csv,name:KTZ  lace-up track pants,brand:KTZ,price:HK$4523,description:Black cotton lace-up track pants from KTZ.,color:Black/White,style:AW17TR18AM,imglink:https://cdn-images.farfetch-contents.com/12/33/37/53/12333753_10929217_322.jpg
id:12185015,daddy:data/malefashioncsv.csv,name:LANVIN  distressed patch cardigan,brand:Lanvin,price:HK$4026,description:This subtly distressed patch cardigan showcases Lanvin's contemporary approach to fashion as the designer introduces classic pieces to the house's cool Parisian attitude and aims to make them 'look like they already belong to the wearer'. The garment has been expertly knitted in Italy from a mid-weight navy blue Alpaca and wool blend with contrasting red stripes at the shoulders. It features a round neckline a ribbed design long sleeves a concealed front fastening front pockets and a comfortable relaxed fit. The chest and arm are punctuated with unique embroidered patches for a personalised Lanvin finish.,color:29,style:RMPO0018A17,imglink:https://cdn-images.farfetch-contents.com/12/18/50/15/12185015_10417779_322.jpg
id:12510031,daddy:data/malefashioncsv.csv,name:LANVIN  Fantastic Utopia hooded jacket,brand:Lanvin,price:HK$4326,description:Lanvin introduces their impeccable craftsmanship and timeless design vision to sports-inspired silhouettes presenting AW17 offerings that lend styling an athleisure finish. Crafted from grey cotton this Fantastic Utopia hooded jacket is a practical piece that will take you through the seasons. The jacket features a hood with drawstring tie fastenings a printed logo to the front a front zip fastening kangaroo pockets and a ribbed hem and cuffs.,color:13 GREY,style:RMJE0044H17,imglink:https://cdn-images.farfetch-contents.com/12/51/00/31/12510031_11830964_322.jpg
id:12523803,daddy:data/malefashioncsv.csv,name:LOVELESS  cropped aviator jacket,brand:Loveless,price:HK$10767,description:Grey lamb skin cropped aviator jacket from LOVELESS featuring long sleeves and a front zip fastening. This item fits true to size.,color:gray,style:61F1861806,imglink:https://cdn-images.farfetch-contents.com/12/52/38/03/12523803_11816017_322.jpg
id:12232998,daddy:data/malefashioncsv.csv,name:MAISON KITSUNÉ  logo print T-shirt,brand:Maison Kitsuné,price:HK$312,description:Navy blue cotton logo print T-shirt from Maison Kitsuné featuring a ribbed round neck short sleeves and a printed logo to the front.,color:SM000 NAVY,style:FW17M719,imglink:https://cdn-images.farfetch-contents.com/12/23/29/98/12232998_10586426_322.jpg
id:12234997,daddy:data/malefashioncsv.csv,name:MARCELO BURLON COUNTY OF MILAN  fox print T-shirt,brand:Marcelo Burlon County Of Milan,price:HK$1220,description:Embrace your edgy side with this black fox print T-shirt from Marcelo Burlon County of Milan. Crafted from a soft cotton-blend it features a round neck short sleeves a straight hem and a fox print to the front.,color:1088 BLACK,style:CMAA018F170010101088,imglink:https://cdn-images.farfetch-contents.com/12/23/49/97/12234997_10526746_322.jpg
id:12494962,daddy:data/malefashioncsv.csv,name:MISBHV  classic single-breasted coat,brand:Misbhv,price:HK$2692,description:Camel brown wool and cashmere blend classic single-breasted coat from Misbhv.,color:CAMEL,style:EXTACYFW17416C,imglink:https://cdn-images.farfetch-contents.com/12/49/49/62/12494962_11675192_322.jpg
id:12494966,daddy:data/malefashioncsv.csv,name:MISBHV  Extacy sweatpants ,brand:Misbhv,price:HK$1109,description:Red Extacy sweatpants from Misbhv.,color:RED,style:EXTACYFW17405,imglink:https://cdn-images.farfetch-contents.com/12/49/49/66/12494966_11695281_322.jpg
id:12530075,daddy:data/malefashioncsv.csv,name:MONKEY TIME  shearling denim jacket,brand:monkey time,price:HK$2037,description:Blue cotton shearling denim jacket from MONKEY TIME.,color:COBALT,style:83251730105,imglink:https://cdn-images.farfetch-contents.com/12/53/00/75/12530075_11858514_322.jpg
id:12230085,daddy:data/malefashioncsv.csv,name:MSGM  distressed regular jeans,brand:MSGM,price:HK$1175,description:Blue cotton distressed regular jeans from MSGM.,color:82,style:2340MP41L174774,imglink:https://cdn-images.farfetch-contents.com/12/23/00/85/12230085_10493770_322.jpg
id:12517293,daddy:data/malefashioncsv.csv,name:NEIGHBORHOOD  logo bomber jacket,brand:Neighborhood,price:HK$3476,description:Gold-tone logo bomber jacket from NEIGHBORHOOD.,color:Gold,style:172TSNHJKM05,imglink:https://cdn-images.farfetch-contents.com/12/51/72/93/12517293_11790976_322.jpg
id:12132194,daddy:data/malefashioncsv.csv,name:NEIL BARRETT  symmetric graphic jumper,brand:Neil Barrett,price:HK$2058,description:Embrace Neil Barrett's athletic aesthetic this AW17 and upgrade your casual-wear collection with this black and red jumper. Carefully made in Italy this sweatshirt is a staple piece for your fall wardrobe featuring a unique symmetric graphic pattern crew neck and long sleeves suitable for those colder fall months.,color:554,style:BMA682VF624C,imglink:https://cdn-images.farfetch-contents.com/12/13/21/94/12132194_10909048_322.jpg
id:12502917,daddy:data/malefashioncsv.csv,name:OAMC  panel print shirt,brand:Oamc,price:HK$7041,description:Marine blue and burgundy red silk panel print shirt from OAMC.,color:BLUE/BURGUNDY,style:I024449,imglink:https://cdn-images.farfetch-contents.com/12/50/29/17/12502917_11729553_322.jpg
id:12205836,daddy:data/malefashioncsv.csv,name:OFF-WHITE  camouflage cargo jacket,brand:Off-White,price:HK$6698,description:Channel modern urban cool in this camouflage cargo jacket from Off-White. Crafted in Milan from cotton the jacket features long sleeves a front button fastening button cuffs four front pockets a logo to the rear and white logo detailing on each sleeve.,color:9901,style:OMEA007F175640289901,imglink:https://cdn-images.farfetch-contents.com/12/20/58/36/12205836_10441213_322.jpg
id:12211677,daddy:data/malefashioncsv.csv,name:OFF-WHITE  diagonal stripe print cropped jeans,brand:Off-White,price:HK$3811,description:Blue cotton diagonal stripe print cropped jeans from Off-White.,color:8401 PAINT WHITE,style:OMCE008F173860258401,imglink:https://cdn-images.farfetch-contents.com/12/21/16/77/12211677_10470500_322.jpg
id:12520316,daddy:data/malefashioncsv.csv,name:OFF-WHITE  ripped trousers,brand:Off-White,price:HK$4090,description:Black cotton ripped trousers  from Off-White.,color:BLACK,style:OMCE021F174730197800,imglink:https://cdn-images.farfetch-contents.com/12/52/03/16/12520316_11800050_322.jpg
id:12135078,daddy:data/malefashioncsv.csv,name:PRADA classic straight leg chinos,brand:Prada,price:HK$2375,description:Classic yet innovative iconic Italian fashion house Prada balances uncompromising quality with a forward-thinking approach to design. Black  stretch cotton classic straight leg chinos from Prada featuring a mid rise a hook and zip fly and rear welt pockets.,color:F0557 BLACK,style:GEPA88WWSS141,imglink:https://cdn-images.farfetch-contents.com/12/13/50/78/12135078_10402904_322.jpg
id:12492414,daddy:data/malefashioncsv.csv,name:PRADA horizontal striped cardigan,brand:Prada,price:HK$4600,description:Prada is famous for classical Italian leather goods and ready to wear with a creative edge. Miuccia produces designs inspired by society for the sartorially selective. Black virgin wool horizontal striped cardigan featuring a pointed collar long sleeves a button fastening and a fine knit.,color:F0002,style:UMC0271PBKS172,imglink:https://cdn-images.farfetch-contents.com/12/49/24/14/12492414_11657778_322.jpg
id:12153347,daddy:data/malefashioncsv.csv,name:PRADA sheepskin hooded coat,brand:Prada,price:HK$26200,description:Brown leather sheepskin hooded coat from Prada.,color:F0040 CAMMELLO,style:UPS368JHY,imglink:https://cdn-images.farfetch-contents.com/12/15/33/47/12153347_10423307_322.jpg
id:12292942,daddy:data/malefashioncsv.csv,name:PRADA stretch shirt ,brand:Prada,price:HK$2625,description:Navy and black cherry cotton-blend stretch shirt from Prada featuring a classic collar a button fastening long sleeves button cuffs a straight hem and a stretch fit. This item is true to fit.,color:F0AU804 NAVY+AMARENA,style:UCN1311NUES172,imglink:https://cdn-images.farfetch-contents.com/12/29/29/42/12292942_11061971_322.jpg
id:12240711,daddy:data/malefashioncsv.csv,name:STELLA MCCARTNEY  UFO print T-shirt,brand:Stella McCartney,price:HK$738,description:Invigorate your casual wear portfolio with this bold UFO print T-shirt from Stella McCartney's AW17 collection. Crafted in Italy from soft black cotton the comfortable piece boasts all of the usual details including a round neckline short sleeves and a straight hem. The front is emblazoned with a multicoloured graphic coupled with an 'M + NMO' slogan that stands for 'Members and Non-Members Only' - a key phrase from the designer's new line.,color:1000 BLACK,style:484484SIP25,imglink:https://cdn-images.farfetch-contents.com/12/24/07/11/12240711_10580737_322.jpg
id:12446904,daddy:data/malefashioncsv.csv,name:STONE ISLAND  Mussola Gommata bomber jacket,brand:Stone Island,price:HK$5460,description:This green Stone Island Mussola Gommata jacket utilizes another of the label's exclusive fabrics. Constructed by laminating lightweight cotton muslin with a transparent polyurethane film; the Mussola Gommata jacket provides core protection from the elements. Benefiting from an anti-drop agent this insulating Stone Island jacket is finished with ribbed trims two diagonal front zipped pockets a concealed snap fastening chest pocket long sleeves with a signature compass logo patch and a branded snap button front closure.,color:V0055 VERDE ACQUA,style:671544534,imglink:https://cdn-images.farfetch-contents.com/12/44/69/04/12446904_11803368_322.jpg
id:12487904,daddy:data/malefashioncsv.csv,name:UTILITY PRO  padded printed bomber jacket,brand:Utility Pro,price:HK$1393,description:Green padded printed bomber jacket  from utility pro.,color:2,style:B671Y,imglink:https://cdn-images.farfetch-contents.com/12/48/79/04/12487904_11687150_322.jpg
id:12134572,daddy:data/malefashioncsv.csv,name:YEEZY  autumn print hoodie,brand:Yeezy,price:HK$1656,description:Multicolour cotton autumn print hoodie from YEEZY.,color:CPN46,style:KW4C201130,imglink:https://cdn-images.farfetch-contents.com/12/13/45/72/12134572_11067349_322.jpg
id:12517645,daddy:data/malefashioncsv.csv,name:YEEZY  classic denim jacket,brand:Yeezy,price:HK$6646,description:Season after Season Kanye West explores streetwear influences androgynous silhouette and minimalist layering to present original and disruptive collections. This season West presents his take on the classic denim jacket with this faded grey design from YEEZY featuring a collar style a cropped length a front button fastening and two chest patch pockets.,color:FADED INK,style:KW5U6076,imglink:https://cdn-images.farfetch-contents.com/12/51/76/45/12517645_11858857_322.jpg
id:12508622,daddy:data/malefashioncsv.csv,name:YEEZY  Yeezy x Adidas embroidered logo T-shirt,brand:Yeezy,price:HK$863,description:Yeezy aesthetic and the eccentricity that has led to its impressive popularity were borrowed from one of the world’s most controversial yet undoubted innovative icon: Kanye West. Season after Season Kanye West explores streetwear influences androgynous silhouette and minimalist layering to present original and disruptive collections. Add personality and boldness to your street style with the beige and green cotton embroidered logo T-shirt from YEEZY features a round neck a signature three stripe detail short sleeves a straight hem and a straight hem.,color:JUPITER/RANGER,style:KW5W1012113,imglink:https://cdn-images.farfetch-contents.com/12/50/86/22/12508622_11797381_322.jpg
id:12464660,daddy:data/malefashioncsv.csv,name:YMC Budgie jacket,brand:YMC,price:HK$6845,description:Black leather Budgie jacket from YMC.,color:BLACK,style:P5IAF,imglink:https://cdn-images.farfetch-contents.com/12/46/46/60/12464660_11766303_322.jpg
id:12291841,daddy:data/malefashioncsv.csv,name:Z ZEGNA  two buttoned slim-fit suit,brand:Z Zegna,price:HK$5748,description:Slate grey wool two buttoned slim-fit suit from Z Zegna.,color:BLUE,style:224784281CGN,imglink:https://cdn-images.farfetch-contents.com/12/29/18/41/12291841_10787767_322.jpg
id:12420335,daddy:data/malefashioncsv.csv,name:Balmain shearling biker jacket,brand:Balmain,price:HK$30087,description:A rock and roll edge was remixed with Olivier Rousteing’s signature glitz and glamour for Balmain’s AW17 collection presenting a rich line-up of leathers studding and embellishment. Expertly designed in Italy from supple black leather with a unique crinkled design this biker jacket is lined with sumptuous off-white sheepskin shearling for added style and warmth. The piece also features an oversized collar long sleeves with buckle strap cuffs a front zip fastening a belted waist and side slit pockets.,color:176 NOIR/ BLACK,style:W7H2063P092,imglink:https://cdn-images.farfetch-contents.com/12/42/03/35/12420335_11420087_322.jpg
id:12420367,daddy:data/malefashioncsv.csv,name:Balmain Anthos ankle boots ,brand:Balmain,price:HK$4491,description:For Balmain's AW17 collection Olivier Rousteing turns to Western styling for inspiration. Expect classic silhouettes with an earthy colour palette and the designer's signature tough-luxe embellishment. Crafted in Italy from supple black calf suede with a smooth leather lining these 'Anthos' ankle boots feature a pointed toe a low block heel and a gold-tone side zip fastening.,color:176,style:W7HA410Z004,imglink:https://cdn-images.farfetch-contents.com/12/42/03/67/12420367_11347411_322.jpg
id:12420333,daddy:data/malefashioncsv.csv,name:Balmain Prince of Wales checked shirt,brand:Balmain,price:HK$3959,description:Two distinct themes were evident in Olivier Rousteing's Autumn/Winter '17 collection for Balmain: glamorous rock-n-roll styling and Western-inspired design. Expect dark leathers and desert hues dripping with his signature over-the-top embellishments. Crafted in Italy from black and white printed cotton this Prince of Wales checked shirt features a classic collar long sleeves button cuffs a concealed front button placket and a straight hem.,color:181 NOIR BLANC/BLACK WHITE,style:W7H1113I034,imglink:https://cdn-images.farfetch-contents.com/12/42/03/33/12420333_11420082_322.jpg
id:12353636,daddy:data/malefashioncsv.csv,name:Balmain biker track pants,brand:Balmain,price:HK$3353,description:Olivier Rousteing continues his evolution of Balmain’s classic styles into the brand’s AW17 collection and beyond. Style and comfort come combined with a tough-luxe edge in these black cotton biker track pants from Balmain featuring an elasticated waistband with a drawstring fastening gold-tone hardware side zipped pockets ribbed cuffs and an animal print to the side.,color:176 BLACK,style:W7H5118I058,imglink:https://cdn-images.farfetch-contents.com/12/35/36/36/12353636_11052417_322.jpg
id:12402008,daddy:data/malefashioncsv.csv,name:Balmain printed sweatshirt,brand:Balmain,price:HK$4432,description:Balmain presents the printed sweatshirt a striking take on an menswear standard imbued with the flair that only the French fashion house can bring. With a dash of Parisian style this casual-fit sweatshirt utilises a kinetic graphic print. Featuring a drawstring hood this piece is finished with long sleeves and ribbed trims.,color:192,style:W7H6109I048,imglink:https://cdn-images.farfetch-contents.com/12/40/20/08/12402008_11278252_322.jpg
id:12380457,daddy:data/malefashioncsv.csv,name:Balmain snake print jeans,brand:Balmain,price:HK$5672,description:Trust in Balmain to infuse your everyday wardrobe with unapologetic rock n’ roll opulence here addressing your denim needs. With distressed details these slim fit jeans from the AW17 outing are rendered in a green cotton blend and feature a waistband with belt loops a button & zip fastening a five pocket design a snakeskin print and a regular length.,color:140,style:W7H9000T022P,imglink:https://cdn-images.farfetch-contents.com/12/38/04/57/12380457_11196454_322.jpg
id:12295147,daddy:data/malefashioncsv.csv,name:Balmain triangle stitched belt,brand:Balmain,price:HK$3009,description:Olivier Rousteing opted for a glamorous rock-n-roll aesthetic for Balmain’s AW17 collection showcasing dark leathers and desert hues dripping with his signature opulent embellishments. This belt encompasses Balmain's design ethos with a triangular stitch detail in the rich leather and glistening gold-tone buckle hardware.,color:176,style:W7HA108Z006,imglink:https://cdn-images.farfetch-contents.com/12/29/51/47/12295147_10755071_322.jpg
id:12193299,daddy:data/malefashioncsv.csv,name:Balmain biker sweater,brand:Balmain,price:HK$3381,description:Relax in this biker sweater an example of iconic Balmain. A long-time hallmark of the brand this sweater features stitched details that are sure to capture attention when worn as part of an outfit. Crafted from an intricate cotton in France Balmain's stylish sweater features a ribbed crew neck dropped shoulders. long sleeves a ribbed hem and cuffs and stitched panels.,color:147,style:W7H6131J928,imglink:https://cdn-images.farfetch-contents.com/12/19/32/99/12193299_10462647_322.jpg
id:12199731,daddy:data/malefashioncsv.csv,name:Balmain logo embossed fitted top ,brand:Balmain,price:HK$2376,description:Balmain's collection fuses a powerful stance of urbanity and decadence - with emphasis upon tailoring and rich luxurious fabrics. This classic blue cotton logo embossed fitted top from Balmain is a wardrobe staple and features a round neck long sleeves and a front logo patch.,color:157 bleu vert/green blue,style:W7H8100I039,imglink:https://cdn-images.farfetch-contents.com/12/19/97/31/12199731_10419887_322.jpg
id:12376460,daddy:data/malefashioncsv.csv,name:Balmain strap detail T-shirt,brand:Balmain,price:HK$2964,description:Olivier Rousteing continues to introduce his youthful energy to classic silhouettes for Balmain’s Autumn/Winter '17 collection. Expect expert craftsmanship and premium materials blended with sports-inspired elements and a contemporary finish. Fashioned from soft black cotton this unique T-shirt features a round neckline short sleeves a loose fit a long length side loops and hanging strap details.,color:176-BLACK,style:W7H8052J058,imglink:https://cdn-images.farfetch-contents.com/12/37/64/60/12376460_11366426_322.jpg
id:12425505,daddy:data/malefashioncsv.csv,name:Balmain camouflage double-breasted coat,brand:Balmain,price:HK$14082,description:Olivier Rousteing continues his evolution of Balmain’s classic styles into the brand’s AW17 collection and beyond. Equal amounts decorative daring and refined these garments are an elevation of Italian craftsmanship. This season's cool-meets-luxe double-breasted coat showcasing the designer's expertise in tailoring. It boasts  structured shoulders long sleeves button cuffs a double breasted front fastening and a camouflage print. The coat is infused with some signature Balmain glamour thanks to the iconic embossed gold-tone buttons.,color:187,style:W7H3056T146,imglink:https://cdn-images.farfetch-contents.com/12/42/55/05/12425505_11423148_322.jpg
id:11628343,daddy:data/malefashioncsv.csv,name:Balmain biker jeans,brand:Balmain,price:HK$7472,description:Olivier Rousteing upholds Balmain’s reputation of military-inspired pieces with a rebellious tough-luxe edge as leather metal hardware and an earthy colour palette continue to define the brand. These blue cotton slim fit biker jeans from Balmain features a waistband with belt loops a concealed front fastening front zipped pockets rear pockets and ribbed details.,color:155 BLUE,style:W6HD551D502,imglink:https://cdn-images.farfetch-contents.com/11/62/83/43/11628343_7703171_322.jpg
id:12512982,daddy:data/malefashioncsv.csv,name:Balmain tuxedo jacket,brand:Balmain,price:HK$18045,description:Olivier Rousteing continues his evolution of Balmain’s classic styles into the brand’s AW17 collection and beyond. Equal amounts decorative daring and refined these garments are an elevation of Parisian craftsmanship. This sleek black cotton tuxedo jacket from Balmain features peaked lapels long sleeves with button cuffs a front button fastening a chest pocket two front pockets and a rear central vent.,color:176 NOIR BLACK,style:S6HT746D367,imglink:https://cdn-images.farfetch-contents.com/12/51/29/82/12512982_11822335_322.jpg
id:12245839,daddy:data/malefashioncsv.csv,name:Valentino beauty is a birthright intarsia jumper ,brand:Valentino,price:HK$4101,description:Valentino collaborates with punk legend Jamie Reid for the 2017 menswear collection. This yellow virgin wool-cashmere blend jumper from Valentino features a ribbed crew neck long sleeves and slogans including Beauty is in the eye of the beholder and Reclaim your heritage.,color:O16 YELLOW,style:NV0KC23N4N9,imglink:https://cdn-images.farfetch-contents.com/12/24/58/39/12245839_10568541_322.jpg
id:12185458,daddy:data/malefashioncsv.csv,name:Valentino notched collar bomber jacket,brand:Valentino,price:HK$8323,description:Italian house Valentino anchors its impeccable classicism with all the allure and history of its rich pool of references. This red virgin wool cotton and stretch wool blend notched collar bomber jacket from Valentino features a front button fastening front flap pockets and long sleeves.,color:157 RED,style:NV0CJ0394CV,imglink:https://cdn-images.farfetch-contents.com/12/18/54/58/12185458_10784966_322.jpg
id:12462253,daddy:data/malefashioncsv.csv,name:Valentino Chelsea boots,brand:Valentino,price:HK$4884,description:Valentino collaborates with punk legend Jamie Reid for the 2017 menswear collection. Crafted in Italy from smooth leather these stylish and versatile Chelsea boots from Valentino feature a round toe elasticated side panels an oversize tongue and a low heel.,color:0NO NERO,style:NY2S0A12YUR,imglink:https://cdn-images.farfetch-contents.com/12/46/22/53/12462253_11592112_322.jpg
id:12185469,daddy:data/malefashioncsv.csv,name:Valentino patchwork bomber jacket,brand:Valentino,price:HK$12546,description:Valentino collaborates with punk legend Jamie Reid for the 2017 menswear collection. This bomber jacket is decorated with patch appliqués of a Jamie Reid quote to the back another quote patch appliqué to the front and multicoloured star patch appliqués. In the colour blue it features  stand up collar a press stud fastening side pockets and striped edges.,color:598  BLUE,style:NV0CI0304MB,imglink:https://cdn-images.farfetch-contents.com/12/18/54/69/12185469_10785025_322.jpg
id:12249741,daddy:data/malefashioncsv.csv,name:Valentino high waist flared trousers,brand:Valentino,price:HK$3257,description:Meticulous craftsmanship meets exquisite classicism at Valentino always fashioning something new from a bedrock of elaborate historic narratives. Crafted from virgin wool and cotton these light brown tailored trousers build a flared cut with a high waist a waistband with belt loops a button fastening  side slit pockets rear welt pockets a flared style and central front pleats. This item is true to fit.,color:F06,style:NV0RB5804K8,imglink:https://cdn-images.farfetch-contents.com/12/24/97/41/12249741_10599388_322.jpg
id:12144172,daddy:data/malefashioncsv.csv,name:Valentino Love Blade bomber jacket,brand:Valentino,price:HK$12546,description:Seamlessly merging elegant cuts with bold detailing Valentino's sleek approach to even the most casual of pieces ensures that you always look stylish. This black stretch cotton Love Blade bomber jacket from Valentino features a stand up collar a press stud fastening embroidered details two front pockets and long sleeves.,color:0no BLACK,style:NV3CI0E14FN,imglink:https://cdn-images.farfetch-contents.com/12/14/41/72/12144172_10138969_322.jpg
id:12194702,daddy:data/malefashioncsv.csv,name:Valentino reclaim your heritage patch T-shirt ,brand:Valentino,price:HK$4462,description:Valentino collaborates with punk legend Jamie Reid for the 2017 menswear collection. This green cotton and silk reclaim your heritage patch T-shirt from Valentino features a round neck and short sleeves.,color:L90 GREEN,style:NV0MG09W3LE,imglink:https://cdn-images.farfetch-contents.com/12/19/47/02/12194702_10794518_322.jpg
id:12185516,daddy:data/malefashioncsv.csv,name:Valentino striped collar shirt,brand:Valentino,price:HK$2653,description:The Valentino collection features refined Italian craftsmanship whilst maintaining a youthful playful aesthetic. This shite cotton shirt from Valentino features a striped collar a front button fastening a curved hem long sleeves and button cuffs.,color:0BO MULTICOLOURED,style:NV3AB54C4E1,imglink:https://cdn-images.farfetch-contents.com/12/18/55/16/12185516_10785442_322.jpg
id:12174809,daddy:data/malefashioncsv.csv,name:Valentino sequined bomber jacket,brand:Valentino,price:HK$25812,description:Make an impression with this sequined bomber jacket by Valentino. Featuring a ribbed collar intricate sequin embroidery and leather shoulder embellishments this eye-catching jacket is exceptional in its attention to detail and design flair. With a front zip fastening and ribbed hem and cuffs this jacket is highly wearable as well as being incredibly stylish.,color:0NO-BLACK,style:NV3CI0374GG,imglink:https://cdn-images.farfetch-contents.com/12/17/48/09/12174809_10338335_322.jpg
id:12150322,daddy:data/malefashioncsv.csv,name:Valentino Tattoo embroidered polo shirt,brand:Valentino,price:HK$5066,description:Seamlessly merging boldness with elegance Valentino's sleek approach to even the most casual of pieces ensures that you always look stylish. This navy cotton Tattoo embroidered polo shirt from Valentino features a classic polo collar short sleeves and an embroidered designer logo to the chest.,color:598,style:NV3MH02A47C,imglink:https://cdn-images.farfetch-contents.com/12/15/03/22/12150322_10240327_322.jpg
id:12328978,daddy:data/malefashioncsv.csv,name:ARMANI COLLEZIONI Faux-fur-lined quilted raincoat ,brand:Billionaire,price:HK$3717,description:Blue leather faux fur-lined sneakers from Billionaire.,color:1492 DARK BLU/ BLACK NICKEL,style:MSC0827BTE023N,imglink:https://cdn-images.farfetch-contents.com/12/32/89/78/12328978_10945183_322.jpg
id:12331786,daddy:data/malefashioncsv.csv,name:ARMANI COLLEZIONI Modern-fit birds eye cotton shirt ,brand:Canali,price:HK$1377,description:White cotton modern fit shirt from Canali.,color:WHITE,style:GD00604001,imglink:https://cdn-images.farfetch-contents.com/12/33/17/86/12331786_11174732_322.jpg
id:12364476,daddy:data/malefashioncsv.csv,name:ARMANI COLLEZIONI Logo-tab stretch-jersey T-shirt,brand:Burberry,price:HK$1202,description:Burberry is renowned for its heritage. It's embodied in this classic jersey T-shirt emblazoned with the label's recognisable logo print. Slip it over chinos and sneakers of a casual approach to luxury dressing.,color:41700 NAVY MELANGE,style:4056952,imglink:https://cdn-images.farfetch-contents.com/12/36/44/76/12364476_11457477_322.jpg
id:12406297,daddy:data/malefashioncsv.csv,name:ARMANI COLLEZIONI Tonal cotton shirt ,brand:Armani Collezioni,price:HK$963,description:Green cotton classic shirt  from Armani Collezioni.,color:U60,style:H0056L20164,imglink:https://cdn-images.farfetch-contents.com/12/40/62/97/12406297_11312533_322.jpg
id:12517105,daddy:data/malefashioncsv.csv,name:ARMANI COLLEZIONI Striped modern-fit stretch-cotton shirt ,brand:Armani Collezioni,price:HK$1376,description:Grey cotton striped short sleeve shirt from Armani Collezioni featuring a classic collar a button fastening short sleeves a chest pocket a straight fit and a curved hem. This item is true to fit.,color:R80,style:H0056L72008,imglink:https://cdn-images.farfetch-contents.com/12/51/71/05/12517105_11840363_322.jpg
id:12451171,daddy:data/malefashioncsv.csv,name:ARMANI COLLEZIONI Modern-fit woven jacket ,brand:Armani Collezioni,price:HK$4234,description:Navy virgin wool fitted mandarin jacket from Armani Collezioni featuring long sleeves a front button fastening a fitted silhouette and a curved hem.,color:BLUE NAVY,style:ZCG840ZCS09,imglink:https://cdn-images.farfetch-contents.com/12/45/11/71/12451171_11538391_322.jpg
id:12250593,daddy:data/malefashioncsv.csv,name:Givenchy zip collar coat,brand:Givenchy,price:HK$22402,description:This Givenchy AW17 coat is a staple piece for your winter wardrobe keeping to traditional and clean design perfect for casual or formal occasions. Featuring a zip collar long sleeves front button fastening two front pockets rear vent and unique tartan lining.,color:001,style:17W0702136,imglink:https://cdn-images.farfetch-contents.com/12/25/05/93/12250593_10585941_322.jpg
id:12452207,daddy:data/malefashioncsv.csv,name:ARMANI Checked silk and wool-blend jacket ,brand:Sophnet.,price:HK$3877,description:BLUE acrylic nylon polyurethane wool Stadium wool blend jacket from Sophnet..,color:BLUE,style:SOPH178018,imglink:https://cdn-images.farfetch-contents.com/12/45/22/07/12452207_11724165_322.jpg
id:12414114,daddy:data/malefashioncsv.csv,name:ARMANI Tailored-fit herringbone cotton-blend jacket,brand:Saint Laurent,price:HK$57000,description:Saint Laurent epitomises a rock'n'roll edge to tailored pieces with an opulent and intricate focus upon embroidered details. This mustard yellow sheep skin shearling-trim fitted jacket is a staple piece this AW17 and features a classic collar a button down collar two chest pockets long sleeves fitted cuffs a shearling lining and a slim fit.,color:3363,style:494170YC1DH,imglink:https://cdn-images.farfetch-contents.com/12/41/41/14/12414114_11543775_322.jpg
id:10723618,daddy:data/malefashioncsv.csv,name:ARMANI Sleeveless quilted gilet,brand:Belstaff,price:HK$2413,description:Black quilted gilet from Belstaff featuring a band collar a concealed front button placket a sleeveless design two front pockets side buckle fastenings side slits a high low hem and a logo to the outside.,color:90000 BLACK,style:71080002C50N0192,imglink:https://cdn-images.farfetch-contents.com/10/72/36/18/10723618_3572454_322.jpg
id:12154104,daddy:data/malefashioncsv.csv,name:ARMANI Tonal cotton shirt,brand:Armani Jeans,price:HK$693,description:Blue cotton tonal logo T-shirt from Armani Jeans.,color:1579 BLU NOTTE,style:6Y6T516JPRZ,imglink:https://cdn-images.farfetch-contents.com/12/15/41/04/12154104_10968786_322.jpg
id:11520497,daddy:data/malefashioncsv.csv,name:ARMANI Knitted-sleeve suede jacket,brand:Moncler,price:HK$5655,description:Moncler merges technical innovation with a sporty aesthetic of contemporary style within the collection of essential pieces - fitted with a refined finish. This grey virgin wool blend knitted sleeve jacket is the perfect lightweight jacket for those cooler days this AW17 and features a stand up collar a front zip fastening front zipped pockets long sleeves ribbed cuffs a straight hem and a feather down padded front body. This item is true to fit.,color:990,style:941270094666,imglink:https://cdn-images.farfetch-contents.com/11/52/04/97/11520497_7283821_322.jpg
id:12414114,daddy:data/malefashioncsv.csv,name:ARMANI Basketweave tailored-fit woven jacket,brand:Saint Laurent,price:HK$57000,description:Saint Laurent epitomises a rock'n'roll edge to tailored pieces with an opulent and intricate focus upon embroidered details. This mustard yellow sheep skin shearling-trim fitted jacket is a staple piece this AW17 and features a classic collar a button down collar two chest pockets long sleeves fitted cuffs a shearling lining and a slim fit.,color:3363,style:494170YC1DH,imglink:https://cdn-images.farfetch-contents.com/12/41/41/14/12414114_11543775_322.jpg
id:11787498,daddy:data/malefashioncsv.csv,name:Givenchy star and stripe appliqué jacket,brand:Givenchy,price:HK$21777,description:Through his clever use of empowering slogans and bold graphic prints creative director Riccardo Tisci has revamped Givenchy’s Parisian luxe aesthetic. Constructed from soft black lambskin leather this star and stripe appliqué Givenchy jacket features the label motifs accented in white with a matching monochrome striped trim. This stylish jacket fastens with a central snap button closure and benefits from two slanted front pockets and a full lining.,color:001 BLACK,style:17F0307444,imglink:https://cdn-images.farfetch-contents.com/11/78/74/98/11787498_8480943_322.jpg
id:12133197,daddy:data/malefashioncsv.csv,name:Givenchy Illuminati patch parka jacket,brand:Givenchy,price:HK$18523,description:Givenchy's urban style and dark romanticism provides tough-luxe detailing and a rock'n'roll elegance.  This beige cotton Illuminati patch parka jacket from Givenchy features long sleeves a front zip fastening a hood and side zip details.,color:333 GREEN,style:17F0658153,imglink:https://cdn-images.farfetch-contents.com/12/13/31/97/12133197_10492874_322.jpg
id:12257094,daddy:data/malefashioncsv.csv,name:Givenchy embroidered patch sweatshirt,brand:Givenchy,price:HK$5029,description:For AW17 French fashion house Givenchy updates their signature punchy graphics for equally eye-catching embroideries. Detailed across the front of this red cotton sweatshirt which has been cut to the house's slim Cuban-fit the assorted patches range in size and reference the label's Western America theme. Finished with ribbed trims at the collar and cuffs this long sleeved Givenchy jumper boasts the brand's signature crucifix stitch to the back.,color:600,style:17W7396653,imglink:https://cdn-images.farfetch-contents.com/12/25/70/94/12257094_10620766_322.jpg
id:12236413,daddy:data/malefashioncsv.csv,name:Givenchy face T-shirt,brand:Givenchy,price:HK$3081,description:Givenchy's menswear collection merges elements of the label's sleek Parisian heritage with contemporary silhouettes inspired by the streets. This grey face T-shirt fashioned from high quality cotton is new to the brand's AW17 collection. It features a round neck short sleeves a straight hem a central multicolour face feature and a boxy fit.,color:051,style:17W7168651,imglink:https://cdn-images.farfetch-contents.com/12/23/64/13/12236413_10629305_322.jpg
id:12136702,daddy:data/malefashioncsv.csv,name:,brand:Versace,price:HK$2443,description:The collection from Versace evokes maximalist Italian design and opulent detailing. These black and white leather Medusa sneakers from Versace featuring a round toe a lace fastening a flat sole and a Medusa logo.,color:NERO/BIANCO,style:DSU6450DVGWG,imglink:https://cdn-images.farfetch-contents.com/12/13/67/02/12136702_10155698_322.jpg